projekt_nr;jahr;core_score;total_score;klasse;befunde_count;bewertungsstufen;faelle;D-02;D-04;D-05;D-08;F-01;F-08;P-08;P-11
0001-2024;2024;3;3;UNBEKANNT;0;;;Phase T: Diff 26.2%% (A=1153.0 R=852.0);;Hengst Malerwerkstätten GmbH: 2369 EUR;;;;;Caspari solo C=100 beteil=HOCH
0001-2025;2025;1;2;UNBEKANNT;0;;;;;;;;T-Phase: -1209.0 EUR (1.0%%);Bierau + Tandem (B=1 C=5);
0002-2023;2023;0;1;UNBEKANNT;0;;;;;;;;T-Phase: -1040.0 EUR (100.0%%);;
0002-2025;2025;1;1;POSITIV;0;;;;;Gerd Zippel: 18106 EUR;;;;;
0003-2023;2023;0;0;UNBEKANNT;0;;;;;;;;;;
0003-2024;2024;1;1;UNBEKANNT;0;;;;;;;;;;Caspari solo C=60 beteil=HOCH
0005-2023;2023;0;0;UNBEKANNT;0;;;;;;;;;;
0005-2024;2024;0;0;UNBEKANNT;0;;;;;;;;;;
0006-2023;2023;0;0;UNBEKANNT;0;;;;;;;;;;
0006-2024;2024;2;2;UNBEKANNT;1;GESICHERT;FALL-014;;;OZ Immobiliendienste GmbH: 6585 EUR;;;;;Caspari solo C=60 beteil=HOCH
0006-2025;2025;2;2;POSITIV;0;;;;;;;W-Phase: -4890.0 EUR (1.0%%);;Bierau + Tandem (B=12 C=18);
0007-2023;2023;1;1;UNBEKANNT;0;;;;;Hengst Malerwerkstätten GmbH: 3567 EUR;;;;;
0008-2023;2023;0;1;UNBEKANNT;0;;;;;;;;T-Phase: -1315.0 EUR (100.0%%);;
0008-2025;2025;2;2;UNBEKANNT;0;;;;;N&N Bau GbR: 3914 EUR;;;;;Caspari solo C=60 beteil=HOCH
0009-2023;2023;0;0;UNBEKANNT;0;;;;;;;;;;
0009-2025;2025;1;1;UNBEKANNT;1;GESICHERT;FALL-017;;;N&N Bau GbR: 3161 EUR;;;;;
0010-2025;2025;1;1;UNBEKANNT;0;;;;;;;;;;Caspari solo C=50 beteil=HOCH
0011-2023;2023;0;0;UNBEKANNT;0;;;;;;;;;;
0011-2024;2024;1;1;UNBEKANNT;0;;;;;Hengst Malerwerkstätten GmbH: 7877 EUR;;;;;
0011-2025;2025;2;2;POSITIV;0;;;;;;;W-Phase: -1843.0 EUR (100.0%%);;Bierau + Tandem (B=16 C=41);
0012-2023;2023;0;0;UNBEKANNT;0;;;;;;;;;;
0012-2024;2024;1;1;UNBEKANNT;0;;;;;;;;;;Caspari solo C=50 beteil=HOCH
0013-2023;2023;0;0;UNBEKANNT;0;;;;;;;;;;
0013-2025;2025;2;2;UNBEKANNT;0;;;;Schreinerei Lothar Merte: 721.14 EUR x2;;;;;Bierau + Tandem (B=1 C=10);
0014-2024;2024;4;4;POSITIV;3;GESICHERT;FALL-014;Phase W: Diff 99.6%% (A=28281.0 R=110.0);;RS Bau und Demontage Service: 1245 EUR;;W-Phase: -28171.0 EUR (99.6%%);;Bierau + Tandem (B=32 C=40);
0014-2025;2025;1;1;UNBEKANNT;0;;;;;;;;;;Caspari solo C=50 beteil=HOCH
0015-2023;2023;1;1;UNBEKANNT;0;;;;;Raumgestaltung Jörg Fruhriep: 4551 EUR;;;;;
0015-2025;2025;4;4;POSITIV;3;GESICHERT;FALL-013|FALL-014;Phase W: Diff 94.6%% (A=13212.0 R=707.0);;RS Bau und Demontage Service: 16159 EUR;;W-Phase: -12505.0 EUR (94.6%%);;Bierau + Tandem (B=234 C=207);
0016-2023;2023;0;0;UNBEKANNT;0;;;;;;;;;;
0016-2024;2024;2;2;UNBEKANNT;0;;;Phase T: Diff 26.6%% (A=2073.0 R=1522.0);;Öko-Bauzentrum Junker GmbH & Co. KG: 11039 EUR;;;;;
0017-2023;2023;1;1;UNBEKANNT;0;;;;;Schreinerei Lothar Merte: 1157 EUR;;;;;
0017-2024;2024;1;2;UNBEKANNT;0;;;;;;;;T-Phase: -1843.0 EUR (1.0%%);Bierau + Tandem (B=4 C=1);
0017-2025;2025;1;2;UNBEKANNT;0;;;;;;;;T-Phase: -1549.0 EUR (100.0%%);Bierau + Tandem (B=7 C=6);
0018-2024;2024;0;0;UNBEKANNT;0;;;;;;;;;;
0018-2025;2025;2;2;POSITIV;3;GESICHERT|VERDACHT;FALL-011|FALL-014;;;RS Bau und Demontage Service: 19585 EUR;;;;Bierau + Tandem (B=38 C=42);
0019-2024;2024;1;2;UNBEKANNT;0;;;Phase T: Diff 96.3%% (A=4785.0 R=176.0);;;;;T-Phase: -4609.0 EUR (96.3%%);;
0019-2025;2025;2;2;POSITIV;0;;;;;;;W-Phase: -3532.0 EUR (1.0%%);;Bierau + Tandem (B=21 C=19);
0020-2023;2023;3;3;UNBEKANNT;0;;;Phase W: Diff 27.9%% (A=5418.0 R=3904.0);;Hengst Malerwerkstätten GmbH: 4224 EUR;;W-Phase: -1513.0 EUR (27.9%%);;;
0020-2024;2024;2;2;UNBEKANNT;0;;;Phase T: Diff 89.3%% (A=1061.0 R=114.0);;;;;;;Caspari solo C=70 beteil=HOCH
0020-2025;2025;4;5;POSITIV;2;GESICHERT;FALL-011;Phase T: Diff 40.0%% (A=11790.0 R=7069.0);;Firma Bajramaj: 7854 EUR;;W-Phase: -32790.0 EUR (100.0%%);T-Phase: -4721.0 EUR (40.0%%);Bierau + Tandem (B=22 C=58);
0021-2023;2023;1;1;UNBEKANNT;0;;;;;Firma Bajramaj: 11259 EUR;;;;;
0022-2023;2023;0;0;UNBEKANNT;0;;;;;;;;;;
0022-2024;2024;0;1;UNBEKANNT;0;;;;;;;;T-Phase: -1128.0 EUR (100.0%%);;
0022-2025;2025;2;2;UNBEKANNT;0;;;;;Firma Bajramaj: 18988 EUR;;;;;Caspari solo C=100 beteil=HOCH
0023-2024;2024;2;2;UNBEKANNT;3;GESICHERT|VERDACHT;FALL-014;;;RS Bau und Demontage Service: 22304 EUR;;;;;Caspari solo C=90 beteil=HOCH
0023-2025;2025;0;0;UNBEKANNT;0;;;;;;;;;;
0024-2023;2023;1;1;UNBEKANNT;2;VERDACHT;FALL-015;;;Firma Bajramaj: 6201 EUR;;;;;
0024-2024;2024;2;3;POSITIV;0;;;Phase T: Diff 58.9%% (A=2216.0 R=910.0);;;;;T-Phase: -1306.0 EUR (58.9%%);Bierau + Tandem (B=3 C=10);
0024-2025;2025;1;1;UNBEKANNT;0;;;;;;;;;Bierau + Tandem (B=10 C=4);
0025-2025;2025;0;0;UNBEKANNT;0;;;;;;;;;;
0026-2023;2023;0;0;UNBEKANNT;0;;;;;;;;;;
0026-2024;2024;3;4;POSITIV;0;;;Phase W: Diff 95.0%% (A=3886.0 R=193.0);;;;W-Phase: -3694.0 EUR (95.0%%);T-Phase: -5503.0 EUR (96.7%%);Bierau + Tandem (B=27 C=13);
0026-2025;2025;0;0;UNBEKANNT;0;;;;;;;;;;
0027-2023;2023;0;0;UNBEKANNT;0;;;;;;;;;;
0027-2024;2024;1;1;POSITIV;0;;;;;N&N Bau GbR: 8000 EUR;;;;;
0027-2025;2025;1;1;UNBEKANNT;0;;;;;;;;;Bierau + Tandem (B=6 C=4);
0028-2023;2023;0;0;UNBEKANNT;0;;;;;;;;;;
0029-2023;2023;1;1;UNBEKANNT;0;;;;;Hengst Malerwerkstätten GmbH: 1073 EUR;;;;;
0029-2024;2024;2;2;UNBEKANNT;0;;;;;N&N Bau GbR: 5633 EUR;;;;;Caspari solo C=100 beteil=HOCH
0029-2025;2025;2;2;UNBEKANNT;0;;;;;;Fliesen Schmidt: 10072.0 EUR bei 0.0%% Prov;;;Bierau + Tandem (B=9 C=21);
0030-2023;2023;0;0;UNBEKANNT;0;;;;;;;;;;
0030-2024;2024;0;0;UNBEKANNT;0;;;;;;;;;;
0030-2025;2025;1;2;UNBEKANNT;0;;;Phase T: Diff 80.4%% (A=1710.0 R=335.0);;;;;T-Phase: -1375.0 EUR (80.4%%);;
0031-2023;2023;0;0;UNBEKANNT;0;;;;;;;;;;
0031-2024;2024;3;3;POSITIV;3;GESICHERT|VERDACHT;FALL-011|FALL-014;;;RS Bau und Demontage Service: 3178 EUR;;W-Phase: -4318.0 EUR (100.0%%);;Bierau + Tandem (B=36 C=74);
0031-2025;2025;2;2;UNBEKANNT;0;;;Phase T: Diff 41.0%% (A=1411.0 R=832.0);;;;;;;Caspari solo C=50 beteil=HOCH
0032-2023;2023;0;0;UNBEKANNT;0;;;;;;;;;;
0032-2024;2024;2;2;POSITIV;2;GESICHERT;FALL-017;;;N&N Bau GbR: 11603 EUR;;;;Bierau + Tandem (B=20 C=70);
0032-2025;2025;1;1;UNBEKANNT;0;;;;;;;;;;Caspari solo C=80 beteil=HOCH
0034-2024;2024;1;1;UNBEKANNT;0;;;;;N&N Bau GbR: 1878 EUR;;;;;
0034-2025;2025;4;4;POSITIV;1;HYPOTHESE;FALL-014;;N&N Bau GbR: 6455.75 EUR x2;N&N Bau GbR: 6456 EUR;;W-Phase: -2674.0 EUR (18.3%%);;Bierau + Tandem (B=55 C=49);
0035-2023;2023;0;0;UNBEKANNT;0;;;;;;;;;;
0035-2025;2025;1;2;UNBEKANNT;0;;;Phase T: Diff 66.5%% (A=1630.0 R=546.0);;;;;T-Phase: -1084.0 EUR (66.5%%);;
0036-2024;2024;1;1;UNBEKANNT;0;;;;;Schreinerei Lothar Merte: 1967 EUR;;;;;
0036-2025;2025;2;2;POSITIV;26;GESICHERT|HYPOTHESE|VERDACHT;FALL-014;;;RS Bau und Demontage Service: 4462 EUR;;;;Bierau + Tandem (B=111 C=175);
0037-2023;2023;0;0;UNBEKANNT;0;;;;;;;;;;
0037-2024;2024;1;1;UNBEKANNT;0;;;Phase T: Diff 59.6%% (A=1313.0 R=530.0);;;;;;;
0037-2025;2025;0;0;UNBEKANNT;0;;;;;;;;;;
0038-2024;2024;0;0;UNBEKANNT;0;;;;;;;;;;
0038-2025;2025;1;1;UNBEKANNT;0;;;;;;;;;Bierau + Tandem (B=6 C=1);
0039-2024;2024;0;0;UNBEKANNT;0;;;;;;;;;;
0039-2025;2025;2;2;POSITIV;0;;;;;;;W-Phase: -4555.0 EUR (1.0%%);;Bierau + Tandem (B=7 C=16);
0040-2023;2023;0;0;UNBEKANNT;0;;;;;;;;;;
0040-2024;2024;0;0;UNBEKANNT;0;;;;;;;;;;
0040-2025;2025;0;0;UNBEKANNT;0;;;;;;;;;;
0041-2025;2025;0;0;UNBEKANNT;0;;;;;;;;;;
0042-2023;2023;1;1;UNBEKANNT;0;;;;;Hengst Malerwerkstätten GmbH: 12364 EUR;;;;;
0042-2024;2024;2;2;UNBEKANNT;1;GESICHERT;FALL-014;;;RS Bau und Demontage Service: 2695 EUR;;;;;Caspari solo C=60 beteil=HOCH
0043-2023;2023;0;0;UNBEKANNT;0;;;;;;;;;;
0043-2024;2024;1;2;UNBEKANNT;0;;;Phase T: Diff 46.8%% (A=2640.0 R=1404.0);;;;;T-Phase: -1236.0 EUR (46.8%%);;
0045-2023;2023;0;0;UNBEKANNT;0;;;;;;;;;;
0045-2025;2025;3;3;POSITIV;0;;;Phase W: Diff 97.1%% (A=6787.0 R=200.0);;;;W-Phase: -6587.0 EUR (97.1%%);;Bierau + Tandem (B=61 C=19);
0046-2023;2023;0;0;POSITIV;2;VERDACHT;FALL-018;;;;;;;;
0046-2024;2024;2;2;UNBEKANNT;0;;;Phase L: Diff 37.2%% (A=2164.0 R=1358.0);;;;;;Bierau + Tandem (B=14 C=26);
0046-2025;2025;0;0;UNBEKANNT;0;;;;;;;;;;
0047-2023;2023;1;1;UNBEKANNT;0;;;Phase T: Diff 37.0%% (A=1951.0 R=1228.0);;;;;;;
0047-2024;2024;4;4;POSITIV;1;GESICHERT;FALL-014;Phase W: Diff 99.6%% (A=34339.0 R=132.0);;RS Bau und Demontage Service: 3550 EUR;;W-Phase: -34207.0 EUR (99.6%%);;Bierau + Tandem (B=21 C=27);
0047-2025;2025;2;2;POSITIV;0;;;;;;;W-Phase: -24424.0 EUR (100.0%%);;Bierau + Tandem (B=6 C=1);
0048-2023;2023;0;0;UNBEKANNT;0;;;;;;;;;;
0048-2024;2024;1;1;UNBEKANNT;0;;;;;N&N Bau GbR: 2592 EUR;;;;;
0050-2025;2025;2;2;UNBEKANNT;0;;;Phase S: Diff 24.1%% (A=3449.0 R=2616.0);;;;;;Bierau + Tandem (B=30 C=23);
0051-2023;2023;0;0;UNBEKANNT;0;;;;;;;;;;
0051-2024;2024;2;3;UNBEKANNT;0;;;Phase T: Diff 89.4%% (A=2582.0 R=274.0);;;;;T-Phase: -2308.0 EUR (89.4%%);Bierau + Tandem (B=30 C=40);
0051-2025;2025;1;1;UNBEKANNT;1;GESICHERT;FALL-014;;;RS Bau und Demontage Service: 16604 EUR;;;;;
0052-2023;2023;1;1;POSITIV;2;VERDACHT;FALL-018;;;Gerd Zippel: 8330 EUR;;;;;
0052-2024;2024;0;0;UNBEKANNT;0;;;;;;;;;;
0053-2023;2023;0;0;UNBEKANNT;0;;;;;;;;;;
0053-2024;2024;1;1;UNBEKANNT;0;;;;;;;;;;Caspari solo C=50 beteil=HOCH
0053-2025;2025;1;1;UNBEKANNT;0;;;;;;;;;Bierau + Tandem (B=12 C=16);
0054-2025;2025;1;1;UNBEKANNT;0;;;Phase T: Diff 20.2%% (A=1817.0 R=1450.0);;;;;;;
0055-2023;2023;0;0;UNBEKANNT;0;;;;;;;;;;
0055-2024;2024;0;0;UNBEKANNT;0;;;;;;;;;;
0055-2025;2025;1;1;UNBEKANNT;0;;;;;;;;;;Caspari solo C=100 beteil=HOCH
0056-2023;2023;1;1;UNBEKANNT;0;;;;;MKG Der Dienstleister: 6233 EUR;;;;;
0056-2024;2024;2;3;POSITIV;1;GESICHERT;FALL-014;Phase W: Diff 96.9%% (A=3520.0 R=110.0);;;;W-Phase: -3410.0 EUR (96.9%%);T-Phase: -6841.0 EUR (65.5%%);;
0056-2025;2025;1;2;UNBEKANNT;0;;;Phase T: Diff 58.7%% (A=1747.0 R=721.0);;;;;T-Phase: -1026.0 EUR (58.7%%);;
0057-2023;2023;0;0;POSITIV;0;;;;;;;;;;
0057-2025;2025;0;0;UNBEKANNT;0;;;;;;;;;;
0058-2025;2025;3;3;POSITIV;0;;;Phase L: Diff 60.6%% (A=1039.0 R=409.0);;;;W-Phase: -3378.0 EUR (100.0%%);;Bierau + Tandem (B=14 C=10);
0059-2023;2023;0;0;UNBEKANNT;0;;;;;;;;;;
0059-2024;2024;0;0;UNBEKANNT;0;;;;;;;;;;
0060-2023;2023;0;0;UNBEKANNT;0;;;;;;;;;;
0060-2024;2024;0;0;UNBEKANNT;0;;;;;;;;;;
0060-2025;2025;0;0;UNBEKANNT;0;;;;;;;;;;
0061-2023;2023;0;0;UNBEKANNT;0;;;;;;;;;;
0061-2024;2024;0;0;UNBEKANNT;0;;;;;;;;;;
0061-2025;2025;2;2;UNBEKANNT;1;GESICHERT;FALL-014;;;RS Bau und Demontage Service: 1276 EUR;;;;;Caspari solo C=60 beteil=HOCH
0062-2023;2023;0;0;UNBEKANNT;0;;;;;;;;;;
0062-2024;2024;0;0;UNBEKANNT;0;;;;;;;;;;
0062-2025;2025;1;1;UNBEKANNT;0;;;;;;;;;;Caspari solo C=50 beteil=HOCH
0063-2023;2023;0;0;UNBEKANNT;0;;;;;;;;;;
0063-2024;2024;1;1;UNBEKANNT;0;;;Phase T: Diff 52.2%% (A=1306.0 R=625.0);;;;;;;
0064-2023;2023;0;0;UNBEKANNT;0;;;;;;;;;;
0064-2024;2024;0;1;UNBEKANNT;0;;;;;;;;T-Phase: -1355.0 EUR (100.0%%);;
0065-2023;2023;1;1;UNBEKANNT;0;;;;;Firma Bajramaj: 3121 EUR;;;;;
0065-2024;2024;0;0;UNBEKANNT;0;;;;;;;;;;
0066-2024;2024;1;1;UNBEKANNT;0;;;Phase T: Diff 21.9%% (A=1246.0 R=974.0);;;;;;;
0066-2025;2025;2;2;UNBEKANNT;0;;;Phase T: Diff 34.3%% (A=1626.0 R=1068.0);;N&N Bau GbR: 6017 EUR;;;;;
0067-2024;2024;3;3;POSITIV;0;;;Phase T: Diff 37.2%% (A=742.0 R=466.0);;;;W-Phase: -6937.0 EUR (100.0%%);;Bierau + Tandem (B=38 C=20);
0067-2025;2025;1;1;UNBEKANNT;0;;;;;;;;;;Caspari solo C=60 beteil=HOCH
0068-2023;2023;1;1;UNBEKANNT;0;;;;;Hengst Malerwerkstätten GmbH: 2504 EUR;;;;;
0068-2024;2024;1;1;UNBEKANNT;1;GESICHERT;FALL-014;;;RS Bau und Demontage Service: 2398 EUR;;;;;
0068-2025;2025;1;1;UNBEKANNT;0;;;;;;;;;;Caspari solo C=100 beteil=HOCH
0069-2023;2023;1;1;NEGATIV;0;;;;;;;W-Phase: -1248.0 EUR (100.0%%);;;
0069-2024;2024;0;0;UNBEKANNT;0;;;;;;;;;;
0069-2025;2025;1;2;UNBEKANNT;0;;;;;;;;T-Phase: -3514.0 EUR (1.0%%);Bierau + Tandem (B=3 C=10);
0070-2025;2025;1;2;UNBEKANNT;0;;;Phase T: Diff 90.2%% (A=2800.0 R=274.0);;;;;T-Phase: -2526.0 EUR (90.2%%);;
0071-2025;2025;1;1;UNBEKANNT;1;HYPOTHESE;FALL-014;Phase T: Diff 40.3%% (A=1693.0 R=1011.0);;;;;;;
0072-2023;2023;0;0;UNBEKANNT;0;;;;;;;;;;
0072-2025;2025;2;2;UNBEKANNT;0;;;Phase T: Diff 25.3%% (A=2224.0 R=1662.0);;Hengst Handwerk GmbH: 3451 EUR;;;;;
0073-2023;2023;0;0;UNBEKANNT;0;;;;;;;;;;
0073-2025;2025;1;1;UNBEKANNT;0;;;;;;;;;;Caspari solo C=80 beteil=HOCH
0074-2023;2023;0;0;POSITIV;0;;;;;;;;;;
0074-2024;2024;0;0;UNBEKANNT;0;;;;;;;;;;
0074-2025;2025;2;2;UNBEKANNT;0;;;;Schreinerei Lothar Merte: 540.86 EUR x2;;;;;;Caspari solo C=80 beteil=HOCH
0075-2023;2023;0;0;UNBEKANNT;0;;;;;;;;;;
0075-2024;2024;3;3;UNBEKANNT;0;;;Phase W: Diff 24.2%% (A=5019.0 R=3806.0);;Hengst Malerwerkstätten GmbH: 4117 EUR;;W-Phase: -1213.0 EUR (24.2%%);;;
0076-2023;2023;0;0;UNBEKANNT;0;;;;;;;;;;
0076-2025;2025;2;3;UNBEKANNT;0;;;Phase T: Diff 82.5%% (A=2810.0 R=492.0);;;;;T-Phase: -2318.0 EUR (82.5%%);Bierau + Tandem (B=15 C=17);
0077-2023;2023;0;0;UNBEKANNT;0;;;;;;;;;;
0077-2024;2024;0;0;UNBEKANNT;0;;;;;;;;;;
0078-2023;2023;0;0;UNBEKANNT;0;;;;;;;;;;
0078-2024;2024;0;0;UNBEKANNT;0;;;;;;;;;;
0079-2023;2023;2;2;POSITIV;2;GESICHERT;FALL-011;;;Gerd Zippel: 9520 EUR;;W-Phase: -1412.0 EUR (8.8%%);;;
0079-2025;2025;1;1;UNBEKANNT;0;;;;;;;;;;Caspari solo C=50 beteil=HOCH
0080-2025;2025;0;1;UNBEKANNT;0;;;;;;;;T-Phase: -1600.0 EUR (100.0%%);;
0081-2024;2024;0;0;UNBEKANNT;0;;;;;;;;;;
0082-2023;2023;0;0;UNBEKANNT;0;;;;;;;;;;
0082-2024;2024;2;2;UNBEKANNT;0;;;;;N&N Bau GbR: 4792 EUR;;;;;Caspari solo C=50 beteil=HOCH
0082-2025;2025;2;2;UNBEKANNT;5;GESICHERT|VERDACHT;FALL-011|FALL-014;;;Schreinerei Lothar Merte: 1082 EUR;;;;;Caspari solo C=90 beteil=HOCH
0083-2023;2023;0;0;UNBEKANNT;0;;;;;;;;;;
0083-2024;2024;2;2;UNBEKANNT;0;;;;;TeamFaktor NW GmbH: 15941 EUR;;;;;Caspari solo C=50 beteil=HOCH
0083-2025;2025;1;1;UNBEKANNT;0;;;;;;;;;Bierau + Tandem (B=4 C=1);
0084-2023;2023;0;0;UNBEKANNT;0;;;;;;;;;;
0084-2025;2025;2;2;UNBEKANNT;0;;;;;N&N Bau GbR: 1825 EUR;;;;;Caspari solo C=60 beteil=HOCH
0085-2023;2023;0;0;UNBEKANNT;0;;;;;;;;;;
0086-2023;2023;1;1;POSITIV;2;VERDACHT;FALL-018;;;Gerd Zippel: 19196 EUR;;;;;
0087-2023;2023;2;3;NEGATIV;0;;;Phase T: Diff 41.7%% (A=10035.0 R=5850.0);;FENNER GmbH u. Co. KG: 5950 EUR;;;T-Phase: -4185.0 EUR (41.7%%);;
0087-2024;2024;0;0;UNBEKANNT;0;;;;;;;;;;
0087-2025;2025;0;0;NEGATIV;0;;;;;;;;;;
0088-2023;2023;0;0;UNBEKANNT;0;;;;;;;;;;
0088-2025;2025;2;2;POSITIV;18;VERDACHT;FALL-011|FALL-014|FALL-018;;;Firma Bajramaj: 2258 EUR;;;;Bierau + Tandem (B=11 C=30);
0089-2023;2023;2;2;POSITIV;2;GESICHERT;FALL-017;;;OZ Immobiliendienste GmbH: 2684 EUR;;;;;Caspari solo C=80 beteil=HOCH
0089-2024;2024;0;1;UNBEKANNT;0;;;;;;;;T-Phase: -1570.0 EUR (100.0%%);;
0089-2025;2025;0;1;UNBEKANNT;0;;;;;;;;T-Phase: -1714.0 EUR (100.0%%);;
0090-2023;2023;1;1;NEGATIV;0;;;;;;;W-Phase: -4517.0 EUR (100.0%%);;;
0091-2023;2023;0;0;UNBEKANNT;0;;;;;;;;;;
0092-2023;2023;1;1;UNBEKANNT;0;;;;;MKG Der Dienstleister: 2785 EUR;;;;;
0092-2024;2024;0;0;UNBEKANNT;0;;;;;;;;;;
0092-2025;2025;0;0;UNBEKANNT;0;;;;;;;;;;
0093-2023;2023;1;1;UNBEKANNT;0;;;;;Schreinerei Lothar Merte: 2463 EUR;;;;;
0094-2023;2023;1;1;UNBEKANNT;3;GESICHERT|VERDACHT;FALL-014;;;RS Bau und Demontage Service: 3196 EUR;;;;;
0094-2024;2024;2;2;UNBEKANNT;0;;;Phase T: Diff 31.0%% (A=990.0 R=684.0);;;;;;;Caspari solo C=50 beteil=HOCH
0094-2025;2025;2;2;POSITIV;0;;;;;;;W-Phase: -6713.0 EUR (100.0%%);;;Caspari solo C=70 beteil=HOCH
0095-2023;2023;0;0;UNBEKANNT;0;;;;;;;;;;
0095-2024;2024;1;1;UNBEKANNT;0;;;;;Jakobi Heizung + Sanitär: 1706 EUR;;;;;
0095-2025;2025;1;1;UNBEKANNT;0;;;;;;;;;Bierau + Tandem (B=2 C=10);
0096-2023;2023;3;3;UNBEKANNT;2;GESICHERT;FALL-015;Phase T: Diff 32.2%% (A=2529.0 R=1715.0);;MKG Der Dienstleister: 7514 EUR;;;;;Caspari solo C=60 beteil=HOCH
0096-2024;2024;0;0;UNBEKANNT;0;;;;;;;;;;
0096-2025;2025;1;1;POSITIV;0;;;;;;;;;Bierau + Tandem (B=10 C=25);
0097-2023;2023;0;0;UNBEKANNT;0;;;;;;;;;;
0097-2024;2024;2;2;UNBEKANNT;0;;;Phase T: Diff 50.9%% (A=1817.0 R=892.0);;;;;;Bierau + Tandem (B=20 C=40);
0098-2025;2025;2;2;POSITIV;2;VERDACHT;FALL-018;;;Zippel Fliesen und Wohnraumgestaltung: 3708 EUR;;;;;Caspari solo C=80 beteil=HOCH
0099-2023;2023;1;1;UNBEKANNT;0;;;;;Hengst Malerwerkstätten GmbH: 5922 EUR;;;;;
0099-2024;2024;2;2;UNBEKANNT;0;;;;;Firma Bajramaj: 2818 EUR;;;;;Caspari solo C=70 beteil=HOCH
0100-2023;2023;1;1;UNBEKANNT;0;;;;;Schreinerei Lothar Merte: 1381 EUR;;;;;
0100-2024;2024;1;1;UNBEKANNT;0;;;Phase T: Diff 48.3%% (A=1005.0 R=520.0);;;;;;;
0100-2025;2025;0;0;UNBEKANNT;0;;;;;;;;;;
0101-2023;2023;0;0;UNBEKANNT;0;;;;;;;;;;
0101-2024;2024;1;2;POSITIV;0;;;;;;;;T-Phase: -9275.0 EUR (100.0%%);Bierau + Tandem (B=13 C=4);
0102-2023;2023;0;0;UNBEKANNT;0;;;;;;;;;;
0102-2024;2024;0;0;UNBEKANNT;0;;;;;;;;;;
0103-2023;2023;0;0;UNBEKANNT;0;;;;;;;;;;
0103-2024;2024;1;1;UNBEKANNT;0;;;;;Schreinerei Lothar Merte: 1504 EUR;;;;;
0103-2025;2025;1;1;UNBEKANNT;0;;;;;;;;;;Caspari solo C=100 beteil=HOCH
0104-2023;2023;1;1;UNBEKANNT;2;VERDACHT;FALL-015;;;MKG Der Dienstleister: 7140 EUR;;;;;
0104-2024;2024;0;0;UNBEKANNT;0;;;;;;;;;;
0104-2025;2025;1;2;UNBEKANNT;0;;;;;;;;T-Phase: -2953.0 EUR (100.0%%);Bierau + Tandem (B=4 C=10);
0105-2023;2023;0;0;UNBEKANNT;0;;;;;;;;;;
0105-2024;2024;3;3;POSITIV;3;HYPOTHESE|VERDACHT;FALL-014|FALL-015;Phase W: Diff 97.7%% (A=8151.0 R=184.0);;;;W-Phase: -7967.0 EUR (97.7%%);;Bierau + Tandem (B=28 C=22);
0105-2025;2025;2;2;UNBEKANNT;1;GESICHERT;FALL-014;;;RS Bau und Demontage Service: 2169 EUR;;;;;Caspari solo C=100 beteil=HOCH
0106-2023;2023;1;1;POSITIV;0;;;;;;;W-Phase: -3440.0 EUR (100.0%%);;;
0106-2024;2024;1;1;UNBEKANNT;0;;;;;Hengst Malerwerkstätten GmbH: 5098 EUR;;;;;
0106-2025;2025;2;2;POSITIV;4;GESICHERT;FALL-011;;;;;W-Phase: -6438.0 EUR (100.0%%);;;Caspari solo C=100 beteil=HOCH
0107-2024;2024;0;0;UNBEKANNT;0;;;;;;;;;;
0107-2025;2025;1;2;UNBEKANNT;0;;;;;;;;T-Phase: -1111.0 EUR (100.0%%);Bierau + Tandem (B=12 C=16);
0108-2023;2023;1;2;UNBEKANNT;0;;;Phase T: Diff 26.5%% (A=5661.0 R=4158.0);;;;;T-Phase: -1503.0 EUR (26.5%%);;
0108-2025;2025;1;1;UNBEKANNT;0;;;;;;;;;;Caspari solo C=90 beteil=HOCH
0109-2023;2023;0;0;UNBEKANNT;0;;;;;;;;;;
0109-2024;2024;2;2;UNBEKANNT;0;;;;;Öko-Bauzentrum Junker GmbH & Co. KG: 3986 EUR;;;;;Caspari solo C=90 beteil=HOCH
0109-2025;2025;1;1;UNBEKANNT;4;GESICHERT;FALL-011|FALL-014;;;;;;;Bierau + Tandem (B=18 C=30);
0110-2024;2024;2;2;UNBEKANNT;2;GESICHERT|HYPOTHESE;FALL-015;;;MKG Der Dienstleister: 11900 EUR;;;;;Caspari solo C=60 beteil=HOCH
0110-2025;2025;1;1;UNBEKANNT;0;;;;;N&N Bau GbR: 4089 EUR;;;;;
0111-2025;2025;2;2;POSITIV;0;;;Phase W: Diff 60.7%% (A=825.0 R=325.0);;;;;;;Caspari solo C=90 beteil=HOCH
0112-2024;2024;1;1;UNBEKANNT;0;;;Phase T: Diff 32.5%% (A=1684.0 R=1136.0);;;;;;;
0112-2025;2025;0;0;UNBEKANNT;0;;;;;;;;;;
0113-2024;2024;3;4;POSITIV;0;;;Phase T: Diff 85.2%% (A=8590.0 R=1274.0);;N&N Bau GbR: 8309 EUR;;;T-Phase: -7316.0 EUR (85.2%%);;Caspari solo C=100 beteil=HOCH
0113-2025;2025;1;1;UNBEKANNT;0;;;;;;;;;;Caspari solo C=90 beteil=HOCH
0114-2023;2023;0;0;UNBEKANNT;0;;;;;;;;;;
0114-2024;2024;3;3;POSITIV;0;;;Phase T: Diff 57.5%% (A=1247.0 R=530.0);;;;W-Phase: -4404.0 EUR (100.0%%);;Bierau + Tandem (B=13 C=8);
0115-2023;2023;2;3;POSITIV;0;;;Phase T: Diff 63.5%% (A=17784.0 R=6497.0);;Debus Energie- u. Gebäudetechnik GmbH & Co. KG: 2193 EUR;;;T-Phase: -11287.0 EUR (63.5%%);;
0115-2025;2025;2;2;UNBEKANNT;0;;;;;Hengst Handwerk GmbH: 4521 EUR;;;;;Caspari solo C=100 beteil=HOCH
0116-2023;2023;1;1;UNBEKANNT;0;;;;;Firma Bajramaj: 13015 EUR;;;;;
0116-2025;2025;1;1;UNBEKANNT;0;;;;;;;;;;Caspari solo C=50 beteil=HOCH
0117-2023;2023;0;0;UNBEKANNT;0;;;;;;;;;;
0117-2024;2024;0;0;UNBEKANNT;0;;;;;;;;;;
0117-2025;2025;0;1;UNBEKANNT;2;VERDACHT;FALL-011;;;;;;T-Phase: -3923.0 EUR (1.0%%);;
0118-2023;2023;1;1;UNBEKANNT;1;GESICHERT;FALL-014;;;RS Bau und Demontage Service: 9315 EUR;;;;;
0118-2024;2024;1;1;POSITIV;2;HYPOTHESE|VERDACHT;FALL-011|FALL-018;;;;;W-Phase: -8065.0 EUR (100.0%%);;;
0118-2025;2025;1;1;UNBEKANNT;0;;;;;;;;;Bierau + Tandem (B=5 C=7);
0119-2024;2024;0;0;UNBEKANNT;0;;;;;;;;;;
0120-2023;2023;0;0;UNBEKANNT;0;;;;;;;;;;
0120-2024;2024;2;3;POSITIV;3;HYPOTHESE|VERDACHT;FALL-011|FALL-018|OPERATIV;Phase T: Diff 59.8%% (A=1675.0 R=674.0);;;;W-Phase: -11832.0 EUR (100.0%%);T-Phase: -1002.0 EUR (59.8%%);;
0120-2025;2025;2;2;UNBEKANNT;2;VERDACHT;FALL-011;;;Hengst Handwerk GmbH: 9582 EUR;;;;Bierau + Tandem (B=49 C=37);
0121-2023;2023;1;1;UNBEKANNT;0;;;;;MKG Der Dienstleister: 5545 EUR;;;;;
0122-2023;2023;0;0;UNBEKANNT;0;;;;;;;;;;
0122-2024;2024;1;1;UNBEKANNT;1;HYPOTHESE;FALL-014;;;;;;;;Caspari solo C=80 beteil=HOCH
0122-2025;2025;0;0;UNBEKANNT;0;;;;;;;;;;
0123-2023;2023;0;0;UNBEKANNT;0;;;;;;;;;;
0123-2024;2024;1;1;UNBEKANNT;0;;;;;TeamFaktor NW GmbH: 3377 EUR;;;;;
0123-2025;2025;2;2;POSITIV;0;;;Phase W: Diff 94.3%% (A=7892.0 R=453.0);;;;W-Phase: -7439.0 EUR (94.3%%);;;
0124-2024;2024;4;4;POSITIV;1;HYPOTHESE;OPERATIV;Phase W: Diff 61.1%% (A=3239.0 R=1261.0);;Hengst Handwerk GmbH: 1364 EUR;;W-Phase: -1979.0 EUR (61.1%%);;;Caspari solo C=50 beteil=HOCH
0124-2025;2025;2;2;POSITIV;4;VERDACHT;FALL-015|FALL-018;;;Gerd Zippel: 5950 EUR;;;;;Caspari solo C=100 beteil=HOCH
0125-2023;2023;0;0;UNBEKANNT;0;;;;;;;;;;
0125-2024;2024;4;5;POSITIV;0;;;Phase T: Diff 41.3%% (A=6855.0 R=4021.0);;Firma Bajramaj: 2387 EUR;;W-Phase: -5054.0 EUR (100.0%%);T-Phase: -2834.0 EUR (41.3%%);;Caspari solo C=100 beteil=HOCH
0125-2025;2025;0;0;UNBEKANNT;0;;;;;;;;;;
0126-2023;2023;0;0;UNBEKANNT;0;;;;;;;;;;
0126-2025;2025;0;0;UNBEKANNT;0;;;;;;;;;;
0127-2023;2023;0;0;POSITIV;0;;;;;;;;;;
0127-2025;2025;2;2;POSITIV;6;GESICHERT|HYPOTHESE|VERDACHT;FALL-011|FALL-018;;;;;W-Phase: -14230.0 EUR (100.0%%);;Bierau + Tandem (B=18 C=7);
0128-2023;2023;0;0;UNBEKANNT;0;;;;;;;;;;
0128-2024;2024;1;1;UNBEKANNT;0;;;;;;;;;;Caspari solo C=50 beteil=HOCH
0128-2025;2025;1;1;POSITIV;2;VERDACHT;FALL-018;;;;;;;;Caspari solo C=90 beteil=HOCH
0129-2024;2024;1;1;UNBEKANNT;0;;;;;Hengst Malerwerkstätten GmbH: 11594 EUR;;;;;
0130-2024;2024;1;1;UNBEKANNT;0;;;Phase W: Diff 49.6%% (A=1421.0 R=717.0);;;;;;;
0130-2025;2025;0;0;UNBEKANNT;0;;;;;;;;;;
0131-2023;2023;0;0;UNBEKANNT;0;;;;;;;;;;
0131-2024;2024;0;0;UNBEKANNT;0;;;;;;;;;;
0133-2024;2024;1;1;UNBEKANNT;0;;;;;;;;;;Caspari solo C=70 beteil=HOCH
0133-2025;2025;1;1;UNBEKANNT;0;;;;;;;;;;Caspari solo C=60 beteil=HOCH
0134-2023;2023;2;2;UNBEKANNT;1;GESICHERT;FALL-014;;;RS Bau und Demontage Service: 11900 EUR;;;;;Caspari solo C=60 beteil=HOCH
0134-2024;2024;0;0;UNBEKANNT;0;;;;;;;;;;
0134-2025;2025;3;4;NEGATIV;0;;;Phase T: Diff 23.1%% (A=12126.0 R=9328.0);;Firma Bajramaj: 8054 EUR;;;T-Phase: -2798.0 EUR (23.1%%);;Caspari solo C=60 beteil=HOCH
0135-2023;2023;1;1;UNBEKANNT;0;;;Phase T: Diff 33.3%% (A=1262.0 R=842.0);;;;;;;
0135-2024;2024;0;1;UNBEKANNT;0;;;;;;;;T-Phase: -1482.0 EUR (100.0%%);;
0135-2025;2025;1;1;UNBEKANNT;0;;;;;;;;;;Caspari solo C=80 beteil=HOCH
0136-2024;2024;0;0;UNBEKANNT;0;;;;;;;;;;
0137-2023;2023;0;0;UNBEKANNT;0;;;;;;;;;;
0137-2024;2024;3;3;POSITIV;0;;;Phase W: Diff 93.1%% (A=11399.0 R=790.0);;;;W-Phase: -10609.0 EUR (93.1%%);;;Caspari solo C=50 beteil=HOCH
0138-2023;2023;1;1;UNBEKANNT;0;;;;;Hengst Malerwerkstätten GmbH: 5183 EUR;;;;;
0138-2025;2025;1;1;UNBEKANNT;0;;;;;;;;;;Caspari solo C=90 beteil=HOCH
0139-2023;2023;1;1;POSITIV;0;;;;;;;W-Phase: -7913.0 EUR (100.0%%);;;
0139-2024;2024;1;1;UNBEKANNT;1;HYPOTHESE;FALL-014;;;;;;;;Caspari solo C=90 beteil=HOCH
0139-2025;2025;3;4;UNBEKANNT;0;;;Phase T: Diff 52.8%% (A=3222.0 R=1519.0);;N&N Bau GbR: 2643 EUR;;;T-Phase: -1703.0 EUR (52.8%%);;Caspari solo C=100 beteil=HOCH
0140-2023;2023;2;2;POSITIV;3;GESICHERT;FALL-015;;;MKG Der Dienstleister: 1846 EUR;;W-Phase: -5845.0 EUR (100.0%%);;;
0140-2024;2024;0;0;UNBEKANNT;0;;;;;;;;;;
0141-2025;2025;0;0;UNBEKANNT;0;;;;;;;;;;
0142-2023;2023;0;0;UNBEKANNT;0;;;;;;;;;;
0142-2024;2024;0;0;UNBEKANNT;0;;;;;;;;;;
0142-2025;2025;1;1;UNBEKANNT;0;;;;;;;;;;Caspari solo C=60 beteil=HOCH
0143-2023;2023;0;0;POSITIV;0;;;;;;;;;;
0143-2024;2024;0;0;UNBEKANNT;0;;;;;;;;;;
0143-2025;2025;0;0;UNBEKANNT;0;;;;;;;;;;
0144-2023;2023;0;0;UNBEKANNT;0;;;;;;;;;;
0144-2025;2025;0;1;UNBEKANNT;4;VERDACHT;FALL-011|UEBERGREIFEND;;;;;;T-Phase: -1317.0 EUR (100.0%%);;
0145-2023;2023;3;3;POSITIV;2;GESICHERT;FALL-015;;;MKG Der Dienstleister: 2481 EUR;;W-Phase: -2920.0 EUR (19.5%%);;;Caspari solo C=100 beteil=HOCH
0145-2024;2024;0;0;UNBEKANNT;0;;;;;;;;;;
0145-2025;2025;2;2;UNBEKANNT;0;;;;;Hengst Handwerk GmbH: 8215 EUR;;;;;Caspari solo C=100 beteil=HOCH
0146-2025;2025;1;1;UNBEKANNT;0;;;Phase T: Diff 35.9%% (A=2623.0 R=1681.0);;;;;;;
0147-2024;2024;1;1;UNBEKANNT;0;;;Phase T: Diff 22.4%% (A=1662.0 R=1290.0);;;;;;;
0147-2025;2025;2;2;POSITIV;4;GESICHERT;FALL-011;;;;;W-Phase: -8283.0 EUR (100.0%%);;Bierau + Tandem (B=21 C=16);
0148-2023;2023;3;3;POSITIV;0;;;Phase W: Diff 92.3%% (A=14635.0 R=1129.0);;Schreinerei Lothar Merte: 1221 EUR;;W-Phase: -13506.0 EUR (92.3%%);;;
0148-2024;2024;2;2;POSITIV;0;;;;;;;W-Phase: -5689.0 EUR (100.0%%);;Bierau + Tandem (B=30 C=60);
0148-2025;2025;0;0;UNBEKANNT;0;;;;;;;;;;
0150-2024;2024;0;0;UNBEKANNT;0;;;;;;;;;;
0150-2025;2025;0;0;UNBEKANNT;0;;;;;;;;;;
0151-2023;2023;1;1;UNBEKANNT;0;;;Phase T: Diff 35.4%% (A=1334.0 R=862.0);;;;;;;
0151-2024;2024;2;2;UNBEKANNT;0;;;Phase T: Diff 65.4%% (A=520.0 R=180.0);;;;;;Bierau + Tandem (B=8 C=18);
0151-2025;2025;1;1;POSITIV;0;;;;;;;W-Phase: -2791.0 EUR (100.0%%);;;
0152-2024;2024;1;1;UNBEKANNT;0;;;;;;;;;;Caspari solo C=60 beteil=HOCH
0152-2025;2025;1;1;UNBEKANNT;0;;;;;;;;;;Caspari solo C=60 beteil=HOCH
0153-2023;2023;0;0;UNBEKANNT;0;;;;;;;;;;
0153-2024;2024;2;2;POSITIV;1;HYPOTHESE;FALL-014;Phase W: Diff 69.9%% (A=6236.0 R=1876.0);;;;W-Phase: -4360.0 EUR (69.9%%);;;
0153-2025;2025;0;0;UNBEKANNT;0;;;;;;;;;;
0154-2023;2023;0;0;UNBEKANNT;0;;;;;;;;;;
0154-2024;2024;3;3;POSITIV;0;;;;;Firma Bajramaj: 3606 EUR;;W-Phase: -3215.0 EUR (100.0%%);;;Caspari solo C=90 beteil=HOCH
0154-2025;2025;1;1;UNBEKANNT;0;;;;;;;;;;Caspari solo C=70 beteil=HOCH
0155-2023;2023;1;1;UNBEKANNT;0;;;Phase W: Diff 33.9%% (A=2775.0 R=1836.0);;;;;;;
0155-2024;2024;0;0;UNBEKANNT;0;;;;;;;;;;
0155-2025;2025;1;1;UNBEKANNT;0;;;;;;;;;Bierau + Tandem (B=5 C=12);
0156-2023;2023;1;1;POSITIV;1;HYPOTHESE;FALL-014;;;Hengst Handwerk GmbH: 15470 EUR;;;;;
0156-2024;2024;1;1;UNBEKANNT;1;GESICHERT;FALL-015;;;;;;;Bierau + Tandem (B=9 C=10);
0156-2025;2025;0;0;UNBEKANNT;0;;;;;;;;;;
0157-2024;2024;2;2;NEGATIV;0;;;Phase T: Diff 54.5%% (A=1100.0 R=500.0);;;;W-Phase: -1740.0 EUR (100.0%%);;;
0157-2025;2025;0;0;UNBEKANNT;0;;;;;;;;;;
0158-2023;2023;1;2;UNBEKANNT;0;;;Phase T: Diff 60.7%% (A=8916.0 R=3506.0);;;;;T-Phase: -5411.0 EUR (60.7%%);;
0159-2023;2023;1;1;POSITIV;2;VERDACHT;FALL-018;;;OZ Immobiliendienste GmbH: 3089 EUR;;;;;
0159-2024;2024;1;1;UNBEKANNT;0;;;;;;;;;Bierau + Tandem (B=40 C=40);
0159-2025;2025;0;0;UNBEKANNT;0;;;;;;;;;;
0160-2023;2023;1;1;UNBEKANNT;0;;;Phase T: Diff 34.8%% (A=2802.0 R=1826.0);;;;;;;
0160-2024;2024;0;0;UNBEKANNT;0;;;;;;;;;;
0160-2025;2025;0;0;UNBEKANNT;0;;;;;;;;;;
0161-2023;2023;0;0;UNBEKANNT;0;;;;;;;;;;
0161-2024;2024;2;2;UNBEKANNT;0;;;;;Schreinerei Lothar Merte: 1142 EUR;;;;;Caspari solo C=90 beteil=HOCH
0162-2023;2023;1;2;UNBEKANNT;0;;;Phase T: Diff 87.2%% (A=2134.0 R=274.0);;;;;T-Phase: -1860.0 EUR (87.2%%);;
0162-2024;2024;1;1;UNBEKANNT;1;HYPOTHESE;FALL-014;;;;;;;;Caspari solo C=50 beteil=HOCH
0162-2025;2025;1;2;UNBEKANNT;0;;;;;;;;T-Phase: -1861.0 EUR (1.0%%);Bierau + Tandem (B=4 C=4);
0163-2025;2025;1;1;UNBEKANNT;0;;;;;;;;;;Caspari solo C=60 beteil=HOCH
0164-2023;2023;1;2;UNBEKANNT;0;;;Phase T: Diff 63.7%% (A=1947.0 R=706.0);;;;;T-Phase: -1241.0 EUR (63.7%%);;
0164-2024;2024;2;3;POSITIV;3;GESICHERT;FALL-011|FALL-014;;;RS Bau und Demontage Service: 8554 EUR;;;T-Phase: -2557.0 EUR (1.0%%);Bierau + Tandem (B=39 C=16);
0164-2025;2025;1;1;UNBEKANNT;0;;;;;;;;;;Caspari solo C=60 beteil=HOCH
0165-2024;2024;2;2;POSITIV;2;VERDACHT;FALL-018;;;Gerd Zippel: 17859 EUR;;;;;Caspari solo C=50 beteil=HOCH
0166-2023;2023;2;2;UNBEKANNT;4;GESICHERT|VERDACHT;FALL-011;;;Firma Bajramaj: 3324 EUR;;;;;Caspari solo C=60 beteil=HOCH
0166-2024;2024;2;2;POSITIV;6;GESICHERT|HYPOTHESE|VERDACHT;FALL-011|FALL-018;;;;;W-Phase: -10016.0 EUR (100.0%%);;;Caspari solo C=50 beteil=HOCH
0166-2025;2025;1;1;UNBEKANNT;0;;;Phase T: Diff 25.2%% (A=3063.0 R=2290.0);;;;;;;
0167-2023;2023;0;0;UNBEKANNT;0;;;;;;;;;;
0167-2024;2024;0;0;UNBEKANNT;0;;;;;;;;;;
0167-2025;2025;0;0;UNBEKANNT;0;;;;;;;;;;
0168-2024;2024;1;1;UNBEKANNT;0;;;;;;;;;;Caspari solo C=60 beteil=HOCH
0168-2025;2025;1;1;UNBEKANNT;0;;;Phase T: Diff 77.4%% (A=857.0 R=194.0);;;;;;;
0169-2023;2023;0;0;UNBEKANNT;0;;;;;;;;;;
0169-2024;2024;2;2;UNBEKANNT;1;GESICHERT;FALL-014;;;RS Bau und Demontage Service: 3695 EUR;;;;;Caspari solo C=100 beteil=HOCH
0169-2025;2025;1;1;POSITIV;1;GESICHERT;FALL-017;;;N&N Bau GbR: 5320 EUR;;;;;
0170-2023;2023;1;2;POSITIV;2;GESICHERT;FALL-018;;;Gerd Zippel: 16660 EUR;;;T-Phase: -1003.0 EUR (12.5%%);;
0170-2025;2025;0;0;UNBEKANNT;0;;;;;;;;;;
0171-2023;2023;2;2;POSITIV;0;;;;;Alpaslan Trockenbau: 7500 EUR;;;;;Caspari solo C=70 beteil=HOCH
0171-2024;2024;1;1;POSITIV;2;GESICHERT;FALL-011;;;;;;;;Caspari solo C=50 beteil=HOCH
0171-2025;2025;0;0;UNBEKANNT;0;;;;;;;;;;
0172-2023;2023;0;1;UNBEKANNT;0;;;;;;;;T-Phase: -1911.0 EUR (100.0%%);;
0172-2025;2025;0;0;UNBEKANNT;0;;;;;;;;;;
0173-2023;2023;1;1;UNBEKANNT;0;;;Phase T: Diff 36.5%% (A=1135.0 R=721.0);;;;;;;
0173-2024;2024;2;2;UNBEKANNT;0;;;Phase T: Diff 39.4%% (A=1562.0 R=946.0);;;;;;Bierau + Tandem (B=7 C=10);
0174-2024;2024;0;0;UNBEKANNT;0;;;;;;;;;;
0174-2025;2025;0;0;UNBEKANNT;0;;;;;;;;;;
0175-2023;2023;0;0;UNBEKANNT;0;;;;;;;;;;
0175-2024;2024;0;0;UNBEKANNT;0;;;;;;;;;;
0175-2025;2025;0;0;UNBEKANNT;0;;;;;;;;;;
0176-2023;2023;0;0;UNBEKANNT;0;;;;;;;;;;
0176-2024;2024;0;0;UNBEKANNT;0;;;;;;;;;;
0176-2025;2025;1;2;UNBEKANNT;2;GESICHERT;FALL-014;;;;;;T-Phase: -2751.0 EUR (100.0%%);Bierau + Tandem (B=1 C=2);
0177-2023;2023;2;3;POSITIV;0;;;;;Firma Bajramaj: 8404 EUR;;;T-Phase: -1111.0 EUR (9.1%%);;Caspari solo C=70 beteil=HOCH
0177-2024;2024;1;1;UNBEKANNT;0;;;;;Schreinerei Lothar Merte: 2110 EUR;;;;;
0177-2025;2025;0;1;UNBEKANNT;0;;;;;;;;T-Phase: -3000.0 EUR (1.0%%);;
0178-2023;2023;1;1;UNBEKANNT;0;;;Phase T: Diff 23.1%% (A=1384.0 R=1065.0);;;;;;;
0178-2024;2024;1;2;UNBEKANNT;0;;;;;;;;T-Phase: -4065.0 EUR (100.0%%);;Caspari solo C=60 beteil=HOCH
0178-2025;2025;0;0;UNBEKANNT;0;;;;;;;;;;
0179-2023;2023;0;0;UNBEKANNT;0;;;;;;;;;;
0179-2024;2024;1;1;UNBEKANNT;0;;;;;;;;;;Caspari solo C=100 beteil=HOCH
0179-2025;2025;0;1;UNBEKANNT;0;;;;;;;;T-Phase: -1735.0 EUR (1.0%%);;
0180-2023;2023;1;2;UNBEKANNT;0;;;Phase T: Diff 92.1%% (A=1762.0 R=140.0);;;;;T-Phase: -1622.0 EUR (92.1%%);;
0180-2024;2024;1;1;UNBEKANNT;0;;;;;;;;;;Caspari solo C=70 beteil=HOCH
0180-2025;2025;0;0;UNBEKANNT;0;;;;;;;;;;
0181-2023;2023;3;3;UNBEKANNT;0;;;Phase W: Diff 36.6%% (A=2820.0 R=1788.0);;Hengst Malerwerkstätten GmbH: 1935 EUR;;W-Phase: -1031.0 EUR (36.6%%);;;
0181-2024;2024;1;1;UNBEKANNT;0;;;;;;;;;;Caspari solo C=80 beteil=HOCH
0182-2024;2024;1;1;UNBEKANNT;0;;;;;Öko-Bauzentrum Junker GmbH & Co. KG: 5359 EUR;;;;;
0182-2025;2025;0;0;UNBEKANNT;0;;;;;;;;;;
0183-2023;2023;0;0;UNBEKANNT;0;;;;;;;;;;
0184-2024;2024;0;0;UNBEKANNT;0;;;;;;;;;;
0184-2025;2025;0;1;UNBEKANNT;0;;;;;;;;T-Phase: -3492.0 EUR (100.0%%);;
0185-2023;2023;0;0;UNBEKANNT;0;;;;;;;;;;
0185-2025;2025;0;0;UNBEKANNT;0;;;;;;;;;;
0186-2023;2023;0;0;UNBEKANNT;0;;;;;;;;;;
0186-2024;2024;0;0;UNBEKANNT;0;;;;;;;;;;
0186-2025;2025;2;2;NEGATIV;0;;;Phase W: Diff 46.0%% (A=2200.0 R=1188.0);;;;W-Phase: -1012.0 EUR (46.0%%);;;
0187-2024;2024;2;2;POSITIV;0;;;Phase W: Diff 64.8%% (A=689.0 R=242.0);;;;;;;Caspari solo C=60 beteil=HOCH
0187-2025;2025;3;3;POSITIV;0;;;Phase W: Diff 74.8%% (A=31405.0 R=7914.0);;Firma Bajramaj: 4406 EUR;;W-Phase: -23491.0 EUR (74.8%%);;;
0188-2023;2023;1;1;UNBEKANNT;0;;;;;Schreinerei Lothar Merte: 2230 EUR;;;;;
0189-2023;2023;1;1;UNBEKANNT;2;VERDACHT;FALL-015;;;Firma Bajramaj: 2697 EUR;;;;;
0189-2024;2024;1;1;UNBEKANNT;0;;;;;;;;;;Caspari solo C=50 beteil=HOCH
0189-2025;2025;0;0;UNBEKANNT;0;;;;;;;;;;
0190-2023;2023;0;0;UNBEKANNT;0;;;;;;;;;;
0190-2025;2025;0;0;UNBEKANNT;0;;;;;;;;;;
0191-2023;2023;0;0;UNBEKANNT;0;;;;;;;;;;
0191-2024;2024;0;0;UNBEKANNT;0;;;;;;;;;;
0191-2025;2025;0;0;UNBEKANNT;0;;;;;;;;;;
0192-2023;2023;1;2;UNBEKANNT;0;;;Phase T: Diff 85.3%% (A=1864.0 R=274.0);;;;;T-Phase: -1590.0 EUR (85.3%%);;
0192-2024;2024;0;0;UNBEKANNT;0;;;;;;;;;;
0192-2025;2025;1;1;UNBEKANNT;0;;;Phase L: Diff 31.7%% (A=619.0 R=423.0);;;;;;;
0193-2023;2023;1;2;UNBEKANNT;0;;;Phase T: Diff 86.3%% (A=3252.0 R=445.0);;;;;T-Phase: -2807.0 EUR (86.3%%);;
0193-2024;2024;2;3;UNBEKANNT;0;;;Phase T: Diff 84.0%% (A=7150.0 R=1141.0);;;;;T-Phase: -6009.0 EUR (84.0%%);Bierau + Tandem (B=10 C=70);
0193-2025;2025;0;0;NEGATIV;0;;;;;;;;;;
0194-2024;2024;3;4;POSITIV;0;;;Phase T: Diff 42.0%% (A=3026.0 R=1755.0);;;;W-Phase: -6949.0 EUR (100.0%%);T-Phase: -1271.0 EUR (42.0%%);Bierau + Tandem (B=32 C=39);
0194-2025;2025;0;0;UNBEKANNT;0;;;;;;;;;;
0195-2025;2025;1;1;UNBEKANNT;0;;;Phase T: Diff 42.8%% (A=1367.0 R=782.0);;;;;;;
0196-2023;2023;0;0;UNBEKANNT;0;;;;;;;;;;
0196-2024;2024;1;1;UNBEKANNT;0;;;;;;;;;;Caspari solo C=50 beteil=HOCH
0197-2023;2023;0;0;UNBEKANNT;0;;;;;;;;;;
0197-2024;2024;1;1;UNBEKANNT;5;GESICHERT|VERDACHT;FALL-011|FALL-018;;;Hofmann Bauservice: 4554 EUR;;;;;
0198-2024;2024;1;1;UNBEKANNT;0;;;;;;;;;;Caspari solo C=60 beteil=HOCH
0198-2025;2025;1;1;UNBEKANNT;0;;;;;Firma Bajramaj: 2610 EUR;;;;;
0199-2023;2023;1;1;POSITIV;0;;;;;;;W-Phase: -3715.0 EUR (100.0%%);;;
0199-2024;2024;2;2;UNBEKANNT;0;;;;;Firma Bajramaj: 2328 EUR;;;;;Caspari solo C=60 beteil=HOCH
0200-2023;2023;1;2;UNBEKANNT;0;;;Phase T: Diff 90.1%% (A=1593.0 R=159.0);;;;;T-Phase: -1435.0 EUR (90.1%%);;
0200-2024;2024;1;1;UNBEKANNT;0;;;;;;;;;Bierau + Tandem (B=9 C=15);
0201-2023;2023;3;4;UNBEKANNT;7;GESICHERT;FALL-014|FALL-015;Phase T: Diff 91.5%% (A=28762.0 R=2457.0);;RS Bau und Demontage Service: 24487 EUR;;;T-Phase: -26305.0 EUR (91.5%%);;Caspari solo C=60 beteil=HOCH
0201-2024;2024;2;2;UNBEKANNT;3;GESICHERT|VERDACHT;FALL-011|FALL-014;;;Stephan Lowicki: 7476 EUR;;;;;Caspari solo C=100 beteil=HOCH
0201-2025;2025;0;1;UNBEKANNT;0;;;;;;;;T-Phase: -1030.0 EUR (100.0%%);;
0202-2023;2023;1;1;UNBEKANNT;0;;;;;;;;;;Caspari solo C=50 beteil=HOCH
0202-2025;2025;1;2;UNBEKANNT;0;;;Phase T: Diff 87.1%% (A=2344.0 R=303.0);;;;;T-Phase: -2041.0 EUR (87.1%%);;
0203-2023;2023;1;1;UNBEKANNT;0;;;Phase T: Diff 29.4%% (A=1923.0 R=1357.0);;;;;;;
0203-2024;2024;1;1;UNBEKANNT;0;;;Phase T: Diff 30.6%% (A=818.0 R=568.0);;;;;;;
0204-2023;2023;3;3;UNBEKANNT;2;GESICHERT;FALL-015;Phase T: Diff 26.1%% (A=1233.0 R=912.0);;MKG Der Dienstleister: 1030 EUR;;;;;Caspari solo C=50 beteil=HOCH
0204-2024;2024;1;1;UNBEKANNT;0;;;;;Schreinerei Lothar Merte: 1803 EUR;;;;;
0205-2024;2024;0;0;UNBEKANNT;0;;;;;;;;;;
0205-2025;2025;0;0;UNBEKANNT;0;;;;;;;;;;
0206-2025;2025;0;1;UNBEKANNT;0;;;;;;;;T-Phase: -1010.0 EUR (100.0%%);;
0207-2024;2024;0;0;UNBEKANNT;0;;;;;;;;;;
0208-2023;2023;1;1;POSITIV;0;;;;;;;W-Phase: -4833.0 EUR (100.0%%);;;
0208-2024;2024;0;0;UNBEKANNT;0;;;;;;;;;;
0209-2023;2023;1;1;UNBEKANNT;0;;;;;;;;;;Caspari solo C=80 beteil=HOCH
0209-2024;2024;0;1;UNBEKANNT;0;;;;;;;;T-Phase: -2641.0 EUR (100.0%%);;
0209-2025;2025;0;0;UNBEKANNT;0;;;;;;;;;;
0210-2023;2023;2;2;UNBEKANNT;0;;;Phase T: Diff 25.7%% (A=735.0 R=546.0);;MKG Der Dienstleister: 4127 EUR;;;;;
0210-2024;2024;2;2;UNBEKANNT;0;;;Phase T: Diff 76.2%% (A=1111.0 R=264.0);;;;;;Bierau + Tandem (B=14 C=7);
0211-2023;2023;0;1;UNBEKANNT;0;;;;;;;;T-Phase: -1830.0 EUR (100.0%%);;
0211-2024;2024;1;1;UNBEKANNT;0;;;Phase W: Diff 24.7%% (A=1219.0 R=918.0);;;;;;;
0211-2025;2025;0;1;UNBEKANNT;0;;;;;;;;T-Phase: -18267.0 EUR (100.0%%);;
0212-2023;2023;0;0;UNBEKANNT;0;;;;;;;;;;
0212-2024;2024;0;0;UNBEKANNT;0;;;;;;;;;;
0213-2023;2023;0;0;UNBEKANNT;0;;;;;;;;;;
0213-2025;2025;0;1;UNBEKANNT;0;;;;;;;;T-Phase: -1455.0 EUR (100.0%%);;
0214-2023;2023;0;0;UNBEKANNT;0;;;;;;;;;;
0214-2024;2024;0;0;UNBEKANNT;0;;;;;;;;;;
0214-2025;2025;0;1;UNBEKANNT;0;;;;;;;;T-Phase: -4764.0 EUR (100.0%%);;
0215-2023;2023;2;3;UNBEKANNT;0;;;Phase T: Diff 72.1%% (A=1755.0 R=490.0);;;;;T-Phase: -1265.0 EUR (72.1%%);;Caspari solo C=50 beteil=HOCH
0216-2023;2023;0;0;UNBEKANNT;0;;;;;;;;;;
0216-2025;2025;0;0;UNBEKANNT;0;;;;;;;;;;
0217-2023;2023;2;3;UNBEKANNT;2;GESICHERT;FALL-015;Phase T: Diff 70.4%% (A=3159.0 R=936.0);;MKG Der Dienstleister: 4165 EUR;;;T-Phase: -2223.0 EUR (70.4%%);;
0217-2024;2024;0;0;UNBEKANNT;0;;;;;;;;;;
0217-2025;2025;0;0;UNBEKANNT;0;;;;;;;;;;
0218-2023;2023;1;1;UNBEKANNT;0;;;;;;;;;;Caspari solo C=50 beteil=HOCH
0219-2024;2024;2;3;POSITIV;9;GESICHERT|HYPOTHESE|VERDACHT;FALL-011;;;;;W-Phase: -43784.0 EUR (100.0%%);T-Phase: -6366.0 EUR (100.0%%);Bierau + Tandem (B=23 C=21);
0219-2025;2025;0;0;UNBEKANNT;0;;;;;;;;;;
0220-2023;2023;0;1;UNBEKANNT;0;;;;;;;;T-Phase: -1413.0 EUR (100.0%%);;
0220-2024;2024;0;1;UNBEKANNT;0;;;;;;;;T-Phase: -1399.0 EUR (100.0%%);;
0220-2025;2025;0;0;UNBEKANNT;0;;;;;;;;;;
0221-2023;2023;1;1;UNBEKANNT;0;;;;;Nils Löser Haustechnik: 1022 EUR;;;;;
0221-2024;2024;1;1;UNBEKANNT;0;;;;;;;;;;Caspari solo C=100 beteil=HOCH
0221-2025;2025;0;0;NEGATIV;0;;;;;;;;;;
0222-2023;2023;2;3;UNBEKANNT;0;;;Phase T: Diff 83.4%% (A=4222.0 R=700.0);;;;;T-Phase: -3522.0 EUR (83.4%%);;Caspari solo C=70 beteil=HOCH
0222-2024;2024;1;2;UNBEKANNT;0;;;;;;;;T-Phase: -7602.0 EUR (100.0%%);Bierau + Tandem (B=2 C=5);
0222-2025;2025;0;0;UNBEKANNT;0;;;;;;;;;;
0223-2023;2023;1;1;UNBEKANNT;0;;;;;Hengst Malerwerkstätten GmbH: 4581 EUR;;;;;
0223-2024;2024;3;3;POSITIV;2;GESICHERT;FALL-011;;;Firma Bajramaj: 4858 EUR;;W-Phase: -3968.0 EUR (100.0%%);;Bierau + Tandem (B=31 C=36);
0224-2023;2023;0;0;UNBEKANNT;0;;;;;;;;;;
0224-2024;2024;0;0;UNBEKANNT;0;;;;;;;;;;
0224-2025;2025;0;0;UNBEKANNT;0;;;;;;;;;;
0225-2023;2023;4;4;UNBEKANNT;0;;;Phase W: Diff 22.1%% (A=6951.0 R=5415.0);;Hengst Malerwerkstätten GmbH: 5859 EUR;;W-Phase: -1536.0 EUR (22.1%%);;;Caspari solo C=50 beteil=HOCH
0225-2024;2024;0;0;UNBEKANNT;0;;;;;;;;;;
0226-2023;2023;1;1;UNBEKANNT;0;;;;;;;;;;Caspari solo C=60 beteil=HOCH
0226-2024;2024;1;2;UNBEKANNT;0;;;;;;;;T-Phase: -1887.0 EUR (100.0%%);Bierau + Tandem (B=1 C=5);
0226-2025;2025;0;0;UNBEKANNT;0;;;;;;;;;;
0227-2023;2023;2;2;UNBEKANNT;0;;;;;Hengst Malerwerkstätten GmbH: 3123 EUR;;;;;Caspari solo C=50 beteil=HOCH
0227-2025;2025;1;1;UNBEKANNT;0;;;Phase T: Diff 46.4%% (A=530.0 R=284.0);;;;;;;
0229-2023;2023;0;0;UNBEKANNT;0;;;;;;;;;;
0229-2024;2024;0;0;UNBEKANNT;0;;;;;;;;;;
0229-2025;2025;0;0;UNBEKANNT;0;;;;;;;;;;
0230-2024;2024;2;3;UNBEKANNT;2;VERDACHT;FALL-011;Phase T: Diff 64.4%% (A=4106.0 R=1463.0);;;;;T-Phase: -2643.0 EUR (64.4%%);;Caspari solo C=60 beteil=HOCH
0230-2025;2025;0;0;UNBEKANNT;0;;;;;;;;;;
0231-2023;2023;1;1;UNBEKANNT;0;;;;;;;;;;Caspari solo C=100 beteil=HOCH
0231-2024;2024;0;0;UNBEKANNT;0;;;;;;;;;;
0232-2023;2023;2;2;UNBEKANNT;0;;;Phase T: Diff 40.4%% (A=2153.0 R=1283.0);;;;;;;Caspari solo C=50 beteil=HOCH
0232-2024;2024;2;2;POSITIV;0;;;;;Firma Bajramaj: 4783 EUR;;;;;Caspari solo C=50 beteil=HOCH
0232-2025;2025;0;0;UNBEKANNT;0;;;;;;;;;;
0233-2023;2023;2;2;POSITIV;0;;;;;;;W-Phase: -15568.0 EUR (100.0%%);;;Caspari solo C=100 beteil=HOCH
0233-2024;2024;0;0;UNBEKANNT;0;;;;;;;;;;
0234-2024;2024;1;1;UNBEKANNT;0;;;Phase T: Diff 34.0%% (A=1778.0 R=1173.0);;;;;;;
0234-2025;2025;1;1;UNBEKANNT;0;;;Phase T: Diff 23.5%% (A=889.0 R=680.0);;;;;;;
0235-2023;2023;2;2;UNBEKANNT;0;;;;;MKG Der Dienstleister: 3362 EUR;;;;;Caspari solo C=50 beteil=HOCH
0236-2024;2024;1;1;UNBEKANNT;0;;;;;;;;;;Caspari solo C=70 beteil=HOCH
0237-2024;2024;0;0;UNBEKANNT;0;;;;;;;;;;
0238-2024;2024;2;3;UNBEKANNT;0;;;Phase T: Diff 39.6%% (A=3201.0 R=1934.0);;;;;T-Phase: -1267.0 EUR (39.6%%);;Caspari solo C=60 beteil=HOCH
0238-2025;2025;0;0;UNBEKANNT;0;;;;;;;;;;
0239-2023;2023;0;0;UNBEKANNT;0;;;;;;;;;;
0239-2024;2024;2;2;POSITIV;7;GESICHERT|HYPOTHESE|VERDACHT;FALL-011|FALL-016|FALL-018;;;;;W-Phase: -9284.0 EUR (100.0%%);;;Caspari solo C=80 beteil=HOCH
0240-2023;2023;1;1;UNBEKANNT;0;;;;;MKG Der Dienstleister: 2940 EUR;;;;;
0241-2024;2024;0;0;UNBEKANNT;0;;;;;;;;;;
0242-2023;2023;1;1;UNBEKANNT;0;;;;;;;;;;Caspari solo C=60 beteil=HOCH
0243-2024;2024;1;1;POSITIV;0;;;;;N&N Bau GbR: 5000 EUR;;;;;
0244-2023;2023;0;0;UNBEKANNT;0;;;;;;;;;;
0244-2024;2024;0;0;UNBEKANNT;0;;;;;;;;;;
0245-2024;2024;0;0;UNBEKANNT;0;;;;;;;;;;
0246-2024;2024;0;1;UNBEKANNT;0;;;;;;;;T-Phase: -1408.0 EUR (100.0%%);;
0247-2023;2023;0;0;UNBEKANNT;0;;;;;;;;;;
0247-2024;2024;2;3;UNBEKANNT;0;;;Phase T: Diff 95.0%% (A=3725.0 R=185.0);;;;;T-Phase: -3540.0 EUR (95.0%%);Bierau + Tandem (B=12 C=17);
0248-2023;2023;0;0;UNBEKANNT;0;;;;;;;;;;
0249-2023;2023;1;1;UNBEKANNT;0;;;;;;;;;;Caspari solo C=50 beteil=HOCH
0251-2023;2023;2;2;NEGATIV;0;;;;;Alexander Jakob: 1184 EUR;;W-Phase: -2614.0 EUR (100.0%%);;;
0251-2024;2024;1;1;UNBEKANNT;0;;;;;;;;;;Caspari solo C=60 beteil=HOCH
0252-2023;2023;1;1;UNBEKANNT;0;;;;;;;;;Bierau + Tandem (B=14 C=6);
0253-2023;2023;0;0;UNBEKANNT;0;;;;;;;;;;
0253-2024;2024;4;5;POSITIV;5;GESICHERT|HYPOTHESE;FALL-011|FALL-015;Phase W: Diff 96.0%% (A=8730.0 R=352.0);;Firma Bajramaj: 1765 EUR;;W-Phase: -8378.0 EUR (96.0%%);T-Phase: -1274.0 EUR (36.8%%);;Caspari solo C=100 beteil=HOCH
0255-2023;2023;1;1;UNBEKANNT;0;;;;;;;;;;Caspari solo C=60 beteil=HOCH
0256-2023;2023;1;2;UNBEKANNT;0;;;;;;;;T-Phase: -2404.0 EUR (100.0%%);;Caspari solo C=50 beteil=HOCH
0256-2024;2024;2;2;UNBEKANNT;0;;;;;Firma Bajramaj: 3788 EUR;;;;;Caspari solo C=70 beteil=HOCH
0257-2024;2024;0;0;UNBEKANNT;0;;;;;;;;;;
0258-2023;2023;0;0;UNBEKANNT;0;;;;;;;;;;
0258-2024;2024;1;2;UNBEKANNT;0;;;Phase T: Diff 93.1%% (A=2036.0 R=140.0);;;;;T-Phase: -1896.0 EUR (93.1%%);;
0259-2023;2023;1;2;UNBEKANNT;0;;;Phase T: Diff 36.0%% (A=3215.0 R=2058.0);;;;;T-Phase: -1157.0 EUR (36.0%%);;
0260-2023;2023;1;2;UNBEKANNT;0;;;Phase T: Diff 91.9%% (A=1725.0 R=140.0);;;;;T-Phase: -1585.0 EUR (91.9%%);;
0261-2023;2023;0;0;UNBEKANNT;0;;;;;;;;;;
0263-2023;2023;0;0;UNBEKANNT;0;;;;;;;;;;
0263-2024;2024;1;1;UNBEKANNT;0;;;;;Schreinerei Lothar Merte: 7230 EUR;;;;;
0264-2024;2024;0;0;UNBEKANNT;0;;;;;;;;;;
0265-2023;2023;0;0;UNBEKANNT;0;;;;;;;;;;
0265-2024;2024;0;0;UNBEKANNT;0;;;;;;;;;;
0266-2023;2023;0;0;UNBEKANNT;0;;;;;;;;;;
0266-2024;2024;0;1;UNBEKANNT;0;;;;;;;;T-Phase: -1929.0 EUR (100.0%%);;
0267-2023;2023;0;0;UNBEKANNT;0;;;;;;;;;;
0268-2024;2024;2;2;POSITIV;1;HYPOTHESE;FALL-011;;;Gerd Zippel: 8420 EUR;;;;;Caspari solo C=50 beteil=HOCH
0269-2024;2024;0;0;UNBEKANNT;0;;;;;;;;;;
0270-2023;2023;3;4;UNBEKANNT;0;;;Phase W: Diff 37.3%% (A=8734.0 R=5480.0);;Hengst Malerwerkstätten GmbH: 5928 EUR;;W-Phase: -3254.0 EUR (37.3%%);T-Phase: -1638.0 EUR (73.4%%);;
0270-2024;2024;2;2;UNBEKANNT;3;GESICHERT;FALL-014|FALL-015;;;RS Bau und Demontage Service: 13391 EUR;;;;;Caspari solo C=100 beteil=HOCH
0271-2023;2023;1;1;UNBEKANNT;0;;;Phase T: Diff 25.5%% (A=1349.0 R=1005.0);;;;;;;
0272-2023;2023;1;1;UNBEKANNT;0;;;;;;;;;Bierau + Tandem (B=20 C=50);
0272-2024;2024;1;1;POSITIV;0;;;;;N&N Bau GbR: 6438 EUR;;;;;
0273-2023;2023;0;0;UNBEKANNT;0;;;;;;;;;;
0273-2024;2024;0;0;POSITIV;0;;;;;;;;;;
0275-2023;2023;1;1;UNBEKANNT;0;;;Phase T: Diff 40.8%% (A=992.0 R=588.0);;;;;;;
0275-2024;2024;1;1;UNBEKANNT;0;;;;;;;;;Bierau + Tandem (B=19 C=10);
0277-2023;2023;0;1;UNBEKANNT;0;;;;;;;;T-Phase: -1461.0 EUR (100.0%%);;
0277-2024;2024;2;2;POSITIV;0;;;;;;;W-Phase: -3102.0 EUR (100.0%%);;Bierau + Tandem (B=43 C=43);
0278-2023;2023;0;0;UNBEKANNT;0;;;;;;;;;;
0279-2024;2024;1;1;UNBEKANNT;0;;;;;;;;;;Caspari solo C=50 beteil=HOCH
0280-2023;2023;1;2;UNBEKANNT;0;;;;;;;;T-Phase: -1488.0 EUR (100.0%%);Bierau + Tandem (B=1 C=5);
0281-2024;2024;0;1;UNBEKANNT;0;;;;;;;;T-Phase: -1488.0 EUR (100.0%%);;
0282-2024;2024;0;0;UNBEKANNT;0;;;;;;;;;;
0283-2023;2023;1;1;UNBEKANNT;0;;;;;;;;;;Caspari solo C=60 beteil=HOCH
0283-2024;2024;1;1;POSITIV;2;VERDACHT;FALL-018;;;;;;;;Caspari solo C=60 beteil=HOCH
0284-2024;2024;1;1;UNBEKANNT;0;;;;;Firma Bajramaj: 5727 EUR;;;;;
0285-2023;2023;0;0;UNBEKANNT;0;;;;;;;;;;
0285-2024;2024;0;0;UNBEKANNT;0;;;;;;;;;;
0286-2023;2023;2;3;UNBEKANNT;2;GESICHERT;FALL-014;Phase T: Diff 96.0%% (A=7602.0 R=306.0);;;;;T-Phase: -7297.0 EUR (96.0%%);Bierau + Tandem (B=55 C=55);
0286-2024;2024;0;0;UNBEKANNT;0;;;;;;;;;;
0287-2023;2023;0;0;UNBEKANNT;0;;;;;;;;;;
0288-2023;2023;0;0;UNBEKANNT;0;;;;;;;;;;
0288-2024;2024;0;0;UNBEKANNT;0;;;;;;;;;;
0289-2023;2023;0;1;UNBEKANNT;0;;;;;;;;T-Phase: -1125.0 EUR (100.0%%);;
0289-2024;2024;0;0;UNBEKANNT;0;;;;;;;;;;
0290-2024;2024;2;3;UNBEKANNT;0;;;Phase T: Diff 91.7%% (A=9114.0 R=753.0);;;;;T-Phase: -8361.0 EUR (91.7%%);;Caspari solo C=70 beteil=HOCH
0291-2023;2023;0;0;UNBEKANNT;0;;;;;;;;;;
0291-2024;2024;3;3;POSITIV;1;GESICHERT;FALL-017;;;N&N Bau GbR: 3926 EUR;;W-Phase: -1376.0 EUR (14.2%%);;;Caspari solo C=80 beteil=HOCH
0292-2023;2023;0;0;UNBEKANNT;0;;;;;;;;;;
0292-2024;2024;0;0;UNBEKANNT;0;;;;;;;;;;
0293-2023;2023;2;2;POSITIV;2;VERDACHT;FALL-018;;;Gerd Zippel: 4760 EUR;;;;;Caspari solo C=90 beteil=HOCH
0293-2024;2024;0;0;UNBEKANNT;0;;;;;;;;;;
0294-2023;2023;0;0;UNBEKANNT;0;;;;;;;;;;
0294-2024;2024;0;0;UNBEKANNT;0;;;;;;;;;;
0295-2023;2023;2;2;POSITIV;3;GESICHERT|VERDACHT;FALL-015;;;MKG Der Dienstleister: 7735 EUR;;;;;Caspari solo C=50 beteil=HOCH
0296-2023;2023;1;2;UNBEKANNT;0;;;Phase T: Diff 51.2%% (A=11433.0 R=5582.0);;;;;T-Phase: -5851.0 EUR (51.2%%);;
0297-2023;2023;0;0;UNBEKANNT;0;;;;;;;;;;
0297-2024;2024;4;4;POSITIV;2;VERDACHT;FALL-011;Phase W: Diff 95.4%% (A=18988.0 R=877.0);;Firma Bajramaj: 2290 EUR;;W-Phase: -18110.0 EUR (95.4%%);;Bierau + Tandem (B=63 C=51);
0299-2023;2023;0;0;UNBEKANNT;0;;;;;;;;;;
0300-2023;2023;0;0;UNBEKANNT;0;;;;;;;;;;
0300-2024;2024;2;2;UNBEKANNT;2;VERDACHT;FALL-011;;;N&N Bau GbR: 2231 EUR;;;;Bierau + Tandem (B=20 C=80);
0301-2023;2023;0;0;UNBEKANNT;0;;;;;;;;;;
0302-2024;2024;0;0;UNBEKANNT;0;;;;;;;;;;
0303-2024;2024;0;0;UNBEKANNT;0;;;;;;;;;;
0304-2023;2023;0;0;UNBEKANNT;0;;;;;;;;;;
0304-2024;2024;2;2;UNBEKANNT;0;;;;;;Fliesen Schmidt: 28911.0 EUR bei 0.0%% Prov;;;;Caspari solo C=100 beteil=HOCH
0305-2023;2023;1;1;NEGATIV;0;;;;;;;W-Phase: -1970.0 EUR (100.0%%);;;
0305-2024;2024;0;0;UNBEKANNT;0;;;;;;;;;;
0306-2023;2023;2;3;UNBEKANNT;0;;;Phase T: Diff 53.7%% (A=3230.0 R=1497.0);;Hengst Malerwerkstätten GmbH: 2091 EUR;;;T-Phase: -1733.0 EUR (53.7%%);;
0306-2024;2024;0;0;UNBEKANNT;0;;;;;;;;;;
0307-2023;2023;1;1;UNBEKANNT;0;;;;;OZ Immobiliendienste GmbH: 1125 EUR;;;;;
0307-2024;2024;2;2;UNBEKANNT;0;;;;;FENNER GmbH u. Co. KG: 1065 EUR;;;;;Caspari solo C=90 beteil=HOCH
0308-2023;2023;1;1;UNBEKANNT;0;;;Phase T: Diff 22.9%% (A=1678.0 R=1294.0);;;;;;;
0308-2024;2024;0;0;UNBEKANNT;0;;;;;;;;;;
0309-2023;2023;2;3;UNBEKANNT;0;;;Phase T: Diff 63.6%% (A=3940.0 R=1434.0);;;;;T-Phase: -2507.0 EUR (63.6%%);;Caspari solo C=50 beteil=HOCH
0309-2024;2024;0;0;UNBEKANNT;0;;;;;;;;;;
0310-2023;2023;2;2;POSITIV;6;GESICHERT|HYPOTHESE|VERDACHT;FALL-011|FALL-014;;;RS Bau und Demontage Service: 14222 EUR;;;;Bierau + Tandem (B=186 C=190);
0311-2023;2023;0;0;UNBEKANNT;0;;;;;;;;;;
0311-2024;2024;4;4;POSITIV;5;GESICHERT|VERDACHT;FALL-014;Phase W: Diff 76.8%% (A=19532.0 R=4540.0);;RS Bau und Demontage Service: 7140 EUR;;W-Phase: -14992.0 EUR (76.8%%);;;Caspari solo C=100 beteil=HOCH
0312-2023;2023;0;0;UNBEKANNT;0;;;;;;;;;;
0313-2023;2023;1;2;UNBEKANNT;0;;;Phase T: Diff 87.2%% (A=2685.0 R=345.0);;;;;T-Phase: -2340.0 EUR (87.2%%);;
0313-2024;2024;1;1;UNBEKANNT;0;;;;;;;;;;Caspari solo C=60 beteil=HOCH
0314-2023;2023;0;0;UNBEKANNT;0;;;;;;;;;;
0314-2024;2024;0;0;UNBEKANNT;0;;;;;;;;;;
0315-2023;2023;0;0;UNBEKANNT;0;;;;;;;;;;
0317-2023;2023;2;2;UNBEKANNT;1;GESICHERT;FALL-014;;;RS Bau und Demontage Service: 6422 EUR;;;;Bierau + Tandem (B=29 C=29);
0317-2024;2024;0;0;UNBEKANNT;0;;;;;;;;;;
0318-2023;2023;1;1;NEGATIV;0;;;Phase W: Diff 26.3%% (A=796.0 R=586.0);;;;;;;
0318-2024;2024;1;2;UNBEKANNT;0;;;Phase T: Diff 53.3%% (A=2132.0 R=995.0);;;;;T-Phase: -1137.0 EUR (53.3%%);;
0319-2023;2023;0;0;UNBEKANNT;0;;;;;;;;;;
0319-2024;2024;1;1;UNBEKANNT;0;;;Phase T: Diff 70.9%% (A=1373.0 R=400.0);;;;;;;
0320-2023;2023;1;1;POSITIV;1;HYPOTHESE;FALL-011;;;;;W-Phase: -5590.0 EUR (100.0%%);;;
0320-2024;2024;0;0;UNBEKANNT;0;;;;;;;;;;
0321-2023;2023;2;3;UNBEKANNT;0;;;;;Firma Bajramaj: 5428 EUR;;;T-Phase: -1355.0 EUR (18.7%%);;Caspari solo C=80 beteil=HOCH
0322-2023;2023;1;1;UNBEKANNT;0;;;;;MKG Der Dienstleister: 3082 EUR;;;;;
0322-2024;2024;0;0;UNBEKANNT;0;;;;;;;;;;
0323-2023;2023;2;2;UNBEKANNT;0;;;Phase T: Diff 34.9%% (A=1780.0 R=1159.0);;Gerd Zippel: 3897 EUR;;;;;
0324-2024;2024;1;1;UNBEKANNT;0;;;;;;;;;;Caspari solo C=60 beteil=HOCH
0325-2023;2023;2;2;POSITIV;2;VERDACHT;FALL-016;;;N&N Bau GbR: 4525 EUR;;;;Bierau + Tandem (B=90 C=100);
0325-2024;2024;0;0;UNBEKANNT;0;;;;;;;;;;
0326-2024;2024;0;0;UNBEKANNT;0;;;;;;;;;;
0327-2023;2023;2;2;POSITIV;0;;;;;Hengst Malerwerkstätten GmbH: 10710 EUR;;;;;Caspari solo C=70 beteil=HOCH
0328-2024;2024;1;1;UNBEKANNT;0;;;;;;;;;;Caspari solo C=60 beteil=HOCH
0329-2024;2024;0;0;UNBEKANNT;0;;;;;;;;;;
0330-2024;2024;3;4;UNBEKANNT;1;GESICHERT;FALL-014;Phase T: Diff 25.2%% (A=7273.0 R=5437.0);;RS Bau und Demontage Service: 5449 EUR;;;T-Phase: -1836.0 EUR (25.2%%);;Caspari solo C=80 beteil=HOCH
0332-2024;2024;1;1;UNBEKANNT;0;;;;;;;;;;Caspari solo C=50 beteil=HOCH
0335-2024;2024;1;1;UNBEKANNT;2;GESICHERT|HYPOTHESE;FALL-015;;;;;;;;Caspari solo C=100 beteil=HOCH
0337-2024;2024;1;1;UNBEKANNT;0;;;;;;;;;;Caspari solo C=70 beteil=HOCH
0341-2024;2024;2;2;POSITIV;6;GESICHERT|HYPOTHESE|VERDACHT;FALL-011|FALL-018;;;;;W-Phase: -14805.0 EUR (100.0%%);;;Caspari solo C=70 beteil=HOCH
0343-2024;2024;0;0;UNBEKANNT;0;;;;;;;;;;
0348-2024;2024;2;3;UNBEKANNT;0;;;Phase T: Diff 77.1%% (A=3222.0 R=737.0);;;;;T-Phase: -2484.0 EUR (77.1%%);;Caspari solo C=50 beteil=HOCH
0349-2024;2024;0;0;UNBEKANNT;0;;;;;;;;;;
0350-2024;2024;1;1;UNBEKANNT;0;;;;;;;;;Bierau + Tandem (B=70 C=50);
0351-2024;2024;0;0;UNBEKANNT;0;;;;;;;;;;
0352-2024;2024;0;0;UNBEKANNT;0;;;;;;;;;;
0353-2024;2024;2;2;POSITIV;1;GESICHERT;FALL-017;;;N&N Bau GbR: 2618 EUR;;;;;Caspari solo C=60 beteil=HOCH
0354-2024;2024;0;0;UNBEKANNT;0;;;;;;;;;;
0355-2024;2024;0;0;UNBEKANNT;0;;;;;;;;;;
