projekt_nr;jahr;signal_count;klasse;befunde_count;bewertungsstufen;faelle;akteure;D-02;D-04;D-05;D-08;F-01;N-06_TAUTOLOGISCH;P-08
0001-2024;2024;3;UNBEKANNT;0;;;;Phase T: Diff 26.2% (A=1153.0 R=852.0);;Hengst Malerwerkstätten GmbH: 2369 EUR (202436914);;;;Caspari + NEIN (B=0 C=100)
0001-2025;2025;2;UNBEKANNT;0;;;;;;;;Phase T: -1209.0 EUR (1.0%);;Bierau + JA (B=1 C=5)
0002-2023;2023;1;UNBEKANNT;0;;;;;;;;Phase T: -1040.0 EUR (100.0%);;
0002-2025;2025;1;POSITIV;0;;;;;;Gerd Zippel: 18106 EUR (2504124);;;;
0003-2023;2023;0;UNBEKANNT;0;;;;;;;;;;
0003-2024;2024;1;UNBEKANNT;0;;;;;;;;;;Caspari + NEIN (B=0 C=60)
0005-2023;2023;0;UNBEKANNT;0;;;;;;;;;;
0005-2024;2024;0;UNBEKANNT;0;;;;;;;;;;
0006-2023;2023;0;UNBEKANNT;0;;;;;;;;;;
0006-2024;2024;3;UNBEKANNT;1;GESICHERT;FALL-014;RS Bau;Phase W: Diff 149.6% (A=4070.0 R=10157.0);;OZ Immobiliendienste GmbH: 6585 EUR (240105);;;;Caspari + NEIN (B=0 C=60)
0006-2025;2025;2;POSITIV;0;;;;;;;;Phase W: -4890.0 EUR (1.0%);;Bierau + JA (B=12 C=18)
0007-2023;2023;1;UNBEKANNT;0;;;;;;Hengst Malerwerkstätten GmbH: 3567 EUR (202332521);;;;
0008-2023;2023;1;UNBEKANNT;0;;;;;;;;Phase T: -1315.0 EUR (100.0%);;
0008-2025;2025;3;UNBEKANNT;0;;;;Phase W: Diff 208.1% (A=1739.0 R=5357.0);;N&N Bau GbR: 3914 EUR (RE68125);;;;Caspari + NEIN (B=0 C=60)
0009-2023;2023;0;UNBEKANNT;0;;;;;;;;;;
0009-2025;2025;1;UNBEKANNT;1;GESICHERT;FALL-017;Bierau, Caspari;;;N&N Bau GbR: 3161 EUR (RE64825);;;;
0010-2025;2025;1;UNBEKANNT;0;;;;;;;;;;Caspari + NEIN (B=0 C=50)
0011-2023;2023;0;UNBEKANNT;0;;;;;;;;;;
0011-2024;2024;2;UNBEKANNT;0;;;;Phase T: Diff 51.3% (A=1291.0 R=1954.0);;Hengst Malerwerkstätten GmbH: 7877 EUR (202436471);;;;
0011-2025;2025;2;POSITIV;0;;;;;;;;Phase W: -1843.0 EUR (100.0%);;Bierau + JA (B=16 C=41)
0012-2023;2023;0;UNBEKANNT;0;;;;;;;;;;
0012-2024;2024;1;UNBEKANNT;0;;;;;;;;;;Caspari + NEIN (B=0 C=50)
0013-2023;2023;0;UNBEKANNT;0;;;;;;;;;;
0013-2025;2025;2;UNBEKANNT;0;;;;;Schreinerei Lothar Merte: 721.14 EUR x2 (25G0380/25G0381);;;;;Bierau + JA (B=1 C=10)
0014-2024;2024;4;POSITIV;3;GESICHERT;FALL-014;Bierau, Schulz|RS Bau;Phase W: Diff 99.6% (A=28281.0 R=110.0);;RS Bau und Demontage Service: 1245 EUR (20240302);;Phase W: -28171.0 EUR (99.6%);;Bierau + JA (B=32 C=40)
0014-2025;2025;1;UNBEKANNT;0;;;;;;;;;;Caspari + NEIN (B=0 C=50)
0015-2023;2023;2;UNBEKANNT;0;;;;Phase W: Diff 1578.8% (A=791.0 R=13277.0);;Raumgestaltung Jörg Fruhriep: 4551 EUR (739);;;;
0015-2025;2025;4;POSITIV;3;GESICHERT;FALL-013|FALL-014;Bierau, Caspari|RS Bau;Phase W: Diff 94.6% (A=13212.0 R=707.0);;RS Bau und Demontage Service: 16159 EUR (20250305);;Phase W: -12505.0 EUR (94.6%);;Bierau + JA (B=234 C=207)
0016-2023;2023;0;UNBEKANNT;0;;;;;;;;;;
0016-2024;2024;3;UNBEKANNT;0;;;;Phase W: Diff 76.2% (A=7274.0 R=12818.0);;Öko-Bauzentrum Junker GmbH & Co. KG: 11039 EUR (R2402500);;;;Caspari + NEIN (B=0 C=10)
0017-2023;2023;2;UNBEKANNT;0;;;;Phase W: Diff 1503.0% (A=1604.0 R=25709.0);;Schreinerei Lothar Merte: 1157 EUR (23G0381);;;;
0017-2024;2024;2;UNBEKANNT;0;;;;;;;;Phase T: -1843.0 EUR (1.0%);;Bierau + JA (B=4 C=1)
0017-2025;2025;2;UNBEKANNT;0;;;;;;;;Phase T: -1549.0 EUR (100.0%);;Bierau + JA (B=7 C=6)
0018-2024;2024;1;UNBEKANNT;0;;;;Phase T: Diff 225.2% (A=240.0 R=780.0);;;;;;
0018-2025;2025;3;POSITIV;3;GESICHERT|VERDACHT;FALL-011|FALL-014;Bierau, RS Bau|RS Bau;Phase W: Diff 34.0% (A=14549.0 R=19494.0);;RS Bau und Demontage Service: 19585 EUR (20250614);;;;Bierau + JA (B=38 C=42)
0019-2024;2024;2;UNBEKANNT;0;;;;Phase T: Diff 96.3% (A=4785.0 R=176.0);;;;Phase T: -4609.0 EUR (96.3%);;
0019-2025;2025;2;POSITIV;0;;;;;;;;Phase W: -3532.0 EUR (1.0%);;Bierau + JA (B=21 C=19)
0020-2023;2023;3;UNBEKANNT;0;;;;Phase W: Diff 27.9% (A=5418.0 R=3904.0);;Hengst Malerwerkstätten GmbH: 4224 EUR (202332514);;Phase W: -1513.0 EUR (27.9%);;
0020-2024;2024;2;UNBEKANNT;0;;;;Phase T: Diff 89.3% (A=1061.0 R=114.0);;;;;;Caspari + NEIN (B=0 C=70)
0020-2025;2025;4;POSITIV;2;GESICHERT;FALL-011;Bierau;Phase T: Diff 40.0% (A=11790.0 R=7069.0);;Firma Bajramaj: 7854 EUR (25040020);;Phase W: -32790.0 EUR (100.0%);;Bierau + JA (B=22 C=58)
0021-2023;2023;1;UNBEKANNT;0;;;;;;Firma Bajramaj: 11259 EUR (23030011);;;;
0022-2023;2023;0;UNBEKANNT;0;;;;;;;;;;
0022-2024;2024;1;UNBEKANNT;0;;;;;;;;Phase T: -1128.0 EUR (100.0%);;
0022-2025;2025;3;UNBEKANNT;0;;;;Phase T: Diff 501.2% (A=4010.0 R=24109.0);;Firma Bajramaj: 18988 EUR (25050020);;;;Caspari + NEIN (B=0 C=100)
0023-2024;2024;3;UNBEKANNT;3;GESICHERT|VERDACHT;FALL-014;Caspari, RS Bau|RS Bau;Phase W: Diff 1094.0% (A=7810.0 R=93253.0);;RS Bau und Demontage Service: 22304 EUR (20240701);;;;Caspari + NEIN (B=0 C=90)
0023-2025;2025;1;UNBEKANNT;0;;;;;;;;;;Caspari + NEIN (B=0 C=10)
0024-2023;2023;3;UNBEKANNT;2;VERDACHT;FALL-015;Caspari;Phase W: Diff 890.5% (A=3427.0 R=33940.0);;Firma Bajramaj: 6201 EUR (23030012);;;;Caspari + NEIN (B=0 C=10)
0024-2024;2024;3;POSITIV;0;;;;Phase T: Diff 58.9% (A=2216.0 R=910.0);;;;Phase T: -1306.0 EUR (58.9%);;Bierau + JA (B=3 C=10)
0024-2025;2025;1;UNBEKANNT;0;;;;;;;;;;Bierau + JA (B=10 C=4)
0025-2025;2025;0;UNBEKANNT;0;;;;;;;;;;
0026-2023;2023;0;UNBEKANNT;0;;;;;;;;;;
0026-2024;2024;3;POSITIV;0;;;;Phase W: Diff 95.0% (A=3886.0 R=193.0);;;;Phase W: -3694.0 EUR (95.0%);;Bierau + JA (B=27 C=13)
0026-2025;2025;1;UNBEKANNT;0;;;;;;;;;;Caspari + NEIN (B=0 C=40)
0027-2023;2023;0;UNBEKANNT;0;;;;;;;;;;
0027-2024;2024;2;POSITIV;0;;;;;;N&N Bau GbR: 8000 EUR (RE63124);;;;Caspari + NEIN (B=0 C=40)
0027-2025;2025;1;UNBEKANNT;0;;;;;;;;;;Bierau + JA (B=6 C=4)
0028-2023;2023;0;UNBEKANNT;0;;;;;;;;;;
0029-2023;2023;1;UNBEKANNT;0;;;;;;Hengst Malerwerkstätten GmbH: 1073 EUR (202331718);;;;
0029-2024;2024;3;UNBEKANNT;0;;;;Phase W: Diff 128.7% (A=2500.0 R=5718.0);;N&N Bau GbR: 5633 EUR (RE614/24);;;;Caspari + NEIN (B=0 C=100)
0029-2025;2025;2;UNBEKANNT;0;;;;;;;Fliesen Schmidt: 10072.0 EUR bei 0.0% Prov;;;Bierau + JA (B=9 C=21)
0030-2023;2023;0;UNBEKANNT;0;;;;;;;;;;
0030-2024;2024;1;UNBEKANNT;0;;;;;;;;;;Caspari + NEIN (B=0 C=20)
0030-2025;2025;3;UNBEKANNT;0;;;;Phase T: Diff 80.4% (A=1710.0 R=335.0);;;;Phase T: -1375.0 EUR (80.4%);;Caspari + NEIN (B=0 C=30)
0031-2023;2023;0;UNBEKANNT;0;;;;;;;;;;
0031-2024;2024;4;POSITIV;3;GESICHERT|VERDACHT;FALL-011|FALL-014;Bierau, Caspari|RS Bau;Phase T: Diff 451.3% (A=2001.0 R=11034.0);;RS Bau und Demontage Service: 3178 EUR (20250113);;Phase W: -4318.0 EUR (100.0%);;Bierau + JA (B=36 C=74)
0031-2025;2025;2;UNBEKANNT;0;;;;Phase T: Diff 41.0% (A=1411.0 R=832.0);;;;;;Caspari + NEIN (B=0 C=50)
0032-2023;2023;0;UNBEKANNT;0;;;;;;;;;;
0032-2024;2024;3;POSITIV;2;GESICHERT;FALL-017;Bierau, Caspari;Phase W: Diff 82.7% (A=12972.0 R=23703.0);;N&N Bau GbR: 11603 EUR (RE60624);;;;Bierau + JA (B=20 C=70)
0032-2025;2025;1;UNBEKANNT;0;;;;;;;;;;Caspari + NEIN (B=0 C=80)
0034-2024;2024;2;UNBEKANNT;0;;;;;;N&N Bau GbR: 1878 EUR (RE60524);;;;Caspari + NEIN (B=0 C=10)
0034-2025;2025;4;POSITIV;1;HYPOTHESE;FALL-014;Menkal;;N&N Bau GbR: 6455.75 EUR x2 (RE64225/RE64725);N&N Bau GbR: 6456 EUR (RE64225);;Phase W: -2674.0 EUR (18.3%);;Bierau + JA (B=55 C=49)
0035-2023;2023;0;UNBEKANNT;0;;;;;;;;;;
0035-2025;2025;3;UNBEKANNT;0;;;;Phase T: Diff 66.5% (A=1630.0 R=546.0);;;;Phase T: -1084.0 EUR (66.5%);;Caspari + NEIN (B=0 C=20)
0036-2024;2024;3;UNBEKANNT;0;;;;Phase T: Diff 307.2% (A=715.0 R=2911.0);;Schreinerei Lothar Merte: 1967 EUR (24G0391);;;;Caspari + NEIN (B=0 C=20)
0036-2025;2025;4;POSITIV;26;GESICHERT|HYPOTHESE|VERDACHT;FALL-014;Caspari|Caspari, Kliebisch|Menkal|RS Bau;Phase W: Diff 297.9% (A=754.0 R=2999.0);;RS Bau und Demontage Service: 4462 EUR (20250301);;;3 Akteure: RS Bau,Caspari,Caspari, Kliebisch;Bierau + JA (B=111 C=175)
0037-2023;2023;0;UNBEKANNT;0;;;;;;;;;;
0037-2024;2024;2;UNBEKANNT;0;;;;Phase T: Diff 59.6% (A=1313.0 R=530.0);;;;;;Caspari + NEIN (B=0 C=20)
0037-2025;2025;1;UNBEKANNT;0;;;;;;;;;;Caspari + NEIN (B=0 C=10)
0038-2024;2024;1;UNBEKANNT;0;;;;;;;;;;Caspari + NEIN (B=0 C=10)
0038-2025;2025;1;UNBEKANNT;0;;;;;;;;;;Bierau + JA (B=6 C=1)
0039-2024;2024;0;UNBEKANNT;0;;;;;;;;;;
0039-2025;2025;2;POSITIV;0;;;;;;;;Phase W: -4555.0 EUR (1.0%);;Bierau + JA (B=7 C=16)
0040-2023;2023;0;UNBEKANNT;0;;;;;;;;;;
0040-2024;2024;0;UNBEKANNT;0;;;;;;;;;;
0040-2025;2025;0;UNBEKANNT;0;;;;;;;;;;
0041-2025;2025;1;UNBEKANNT;0;;;;;;;;;;Caspari + NEIN (B=0 C=20)
0042-2023;2023;2;UNBEKANNT;0;;;;Phase T: Diff 177.2% (A=1427.0 R=3956.0);;Hengst Malerwerkstätten GmbH: 12364 EUR (202332859);;;;
0042-2024;2024;3;UNBEKANNT;1;GESICHERT;FALL-014;RS Bau;Phase W: Diff 94.2% (A=2614.0 R=5077.0);;RS Bau und Demontage Service: 2695 EUR (20240704);;;;Caspari + NEIN (B=0 C=60)
0043-2023;2023;0;UNBEKANNT;0;;;;;;;;;;
0043-2024;2024;3;UNBEKANNT;0;;;;Phase T: Diff 46.8% (A=2640.0 R=1404.0);;;;Phase T: -1236.0 EUR (46.8%);;Caspari + NEIN (B=0 C=20)
0045-2023;2023;0;UNBEKANNT;0;;;;;;;;;;
0045-2025;2025;3;POSITIV;0;;;;Phase W: Diff 97.1% (A=6787.0 R=200.0);;;;Phase W: -6587.0 EUR (97.1%);;Bierau + JA (B=61 C=19)
0046-2023;2023;0;POSITIV;2;VERDACHT;FALL-018;Zippel;;;;;;;
0046-2024;2024;2;UNBEKANNT;0;;;;Phase L: Diff 37.2% (A=2164.0 R=1358.0);;;;;;Bierau + JA (B=14 C=26)
0046-2025;2025;1;UNBEKANNT;0;;;;;;;;;;Caspari + NEIN (B=0 C=20)
0047-2023;2023;2;UNBEKANNT;0;;;;Phase T: Diff 37.0% (A=1951.0 R=1228.0);;;;;;Caspari + NEIN (B=0 C=10)
0047-2024;2024;4;POSITIV;1;GESICHERT;FALL-014;RS Bau;Phase W: Diff 99.6% (A=34339.0 R=132.0);;RS Bau und Demontage Service: 3550 EUR (20240509);;Phase W: -34207.0 EUR (99.6%);;Bierau + JA (B=21 C=27)
0047-2025;2025;2;POSITIV;0;;;;;;;;Phase W: -24424.0 EUR (100.0%);;Bierau + JA (B=6 C=1)
0048-2023;2023;0;UNBEKANNT;0;;;;;;;;;;
0048-2024;2024;1;UNBEKANNT;0;;;;;;N&N Bau GbR: 2592 EUR (59924);;;;
0050-2025;2025;2;UNBEKANNT;0;;;;Phase S: Diff 24.1% (A=3449.0 R=2616.0);;;;;;Bierau + JA (B=30 C=23)
0051-2023;2023;1;UNBEKANNT;0;;;;;;;;;;Caspari + NEIN (B=0 C=20)
0051-2024;2024;3;UNBEKANNT;0;;;;Phase T: Diff 89.4% (A=2582.0 R=274.0);;;;Phase T: -2308.0 EUR (89.4%);;Bierau + JA (B=30 C=40)
0051-2025;2025;1;UNBEKANNT;1;GESICHERT;FALL-014;RS Bau;;;RS Bau und Demontage Service: 16604 EUR (20250704);;;;
0052-2023;2023;2;POSITIV;2;VERDACHT;FALL-018;Zippel;Phase W: Diff 40.2% (A=7350.0 R=10304.0);;Gerd Zippel: 8330 EUR (2308116);;;;
0052-2024;2024;0;UNBEKANNT;0;;;;;;;;;;
0053-2023;2023;0;UNBEKANNT;0;;;;;;;;;;
0053-2024;2024;1;UNBEKANNT;0;;;;;;;;;;Caspari + NEIN (B=0 C=50)
0053-2025;2025;1;UNBEKANNT;0;;;;;;;;;;Bierau + JA (B=12 C=16)
0054-2025;2025;1;UNBEKANNT;0;;;;Phase T: Diff 20.2% (A=1817.0 R=1450.0);;;;;;
0055-2023;2023;0;UNBEKANNT;0;;;;;;;;;;
0055-2024;2024;1;UNBEKANNT;0;;;;;;;;;;Caspari + NEIN (B=0 C=10)
0055-2025;2025;1;UNBEKANNT;0;;;;;;;;;;Caspari + NEIN (B=0 C=100)
0056-2023;2023;1;UNBEKANNT;0;;;;;;MKG Der Dienstleister: 6233 EUR (23-00075);;;;
0056-2024;2024;3;POSITIV;1;GESICHERT;FALL-014;RS Bau;Phase W: Diff 96.9% (A=3520.0 R=110.0);;;;Phase W: -3410.0 EUR (96.9%);;Caspari + NEIN (B=0 C=30)
0056-2025;2025;3;UNBEKANNT;0;;;;Phase T: Diff 58.7% (A=1747.0 R=721.0);;;;Phase T: -1026.0 EUR (58.7%);;Caspari + NEIN (B=0 C=40)
0057-2023;2023;0;POSITIV;0;;;;;;;;;;
0057-2025;2025;1;UNBEKANNT;0;;;;;;;;;;Caspari + NEIN (B=0 C=20)
0058-2025;2025;3;POSITIV;0;;;;Phase L: Diff 60.6% (A=1039.0 R=409.0);;;;Phase W: -3378.0 EUR (100.0%);;Bierau + JA (B=14 C=10)
0059-2023;2023;0;UNBEKANNT;0;;;;;;;;;;
0059-2024;2024;1;UNBEKANNT;0;;;;;;;;;;Caspari + NEIN (B=0 C=10)
0060-2023;2023;0;UNBEKANNT;0;;;;;;;;;;
0060-2024;2024;0;UNBEKANNT;0;;;;;;;;;;
0060-2025;2025;0;UNBEKANNT;0;;;;;;;;;;
0061-2023;2023;0;UNBEKANNT;0;;;;;;;;;;
0061-2024;2024;0;UNBEKANNT;0;;;;;;;;;;
0061-2025;2025;2;UNBEKANNT;1;GESICHERT;FALL-014;RS Bau;;;RS Bau und Demontage Service: 1276 EUR (20250401);;;;Caspari + NEIN (B=0 C=60)
0062-2023;2023;0;UNBEKANNT;0;;;;;;;;;;
0062-2024;2024;0;UNBEKANNT;0;;;;;;;;;;
0062-2025;2025;1;UNBEKANNT;0;;;;;;;;;;Caspari + NEIN (B=0 C=50)
0063-2023;2023;0;UNBEKANNT;0;;;;;;;;;;
0063-2024;2024;2;UNBEKANNT;0;;;;Phase T: Diff 52.2% (A=1306.0 R=625.0);;;;;;Caspari + NEIN (B=0 C=20)
0064-2023;2023;0;UNBEKANNT;0;;;;;;;;;;
0064-2024;2024;1;UNBEKANNT;0;;;;;;;;Phase T: -1355.0 EUR (100.0%);;
0065-2023;2023;3;UNBEKANNT;0;;;;Phase W: Diff 36.7% (A=4756.0 R=6501.0);;Firma Bajramaj: 3121 EUR (23070025);;;;Caspari + NEIN (B=0 C=20)
0065-2024;2024;1;UNBEKANNT;0;;;;;;;;;;Caspari + NEIN (B=0 C=10)
0066-2024;2024;2;UNBEKANNT;0;;;;Phase T: Diff 21.9% (A=1246.0 R=974.0);;;;;;Caspari + NEIN (B=0 C=10)
0066-2025;2025;3;UNBEKANNT;0;;;;Phase T: Diff 34.3% (A=1626.0 R=1068.0);;N&N Bau GbR: 6017 EUR (RE66725);;;;Caspari + NEIN (B=0 C=30)
0067-2024;2024;3;POSITIV;0;;;;Phase T: Diff 37.2% (A=742.0 R=466.0);;;;Phase W: -6937.0 EUR (100.0%);;Bierau + JA (B=38 C=20)
0067-2025;2025;1;UNBEKANNT;0;;;;;;;;;;Caspari + NEIN (B=0 C=60)
0068-2023;2023;1;UNBEKANNT;0;;;;;;Hengst Malerwerkstätten GmbH: 2504 EUR (202332858);;;;
0068-2024;2024;3;UNBEKANNT;1;GESICHERT;FALL-014;RS Bau;Phase T: Diff 91.4% (A=1196.0 R=2289.0);;RS Bau und Demontage Service: 2398 EUR (20240402);;;;Caspari + NEIN (B=0 C=10)
0068-2025;2025;1;UNBEKANNT;0;;;;;;;;;;Caspari + NEIN (B=0 C=100)
0069-2023;2023;1;NEGATIV;0;;;;;;;;Phase W: -1248.0 EUR (100.0%);;
0069-2024;2024;1;UNBEKANNT;0;;;;;;;;;;Caspari + NEIN (B=0 C=10)
0069-2025;2025;2;UNBEKANNT;0;;;;;;;;Phase T: -3514.0 EUR (1.0%);;Bierau + JA (B=3 C=10)
0070-2025;2025;3;UNBEKANNT;0;;;;Phase T: Diff 90.2% (A=2800.0 R=274.0);;;;Phase T: -2526.0 EUR (90.2%);;Caspari + NEIN (B=0 C=20)
0071-2025;2025;2;UNBEKANNT;1;HYPOTHESE;FALL-014;Menkal;Phase T: Diff 40.3% (A=1693.0 R=1011.0);;;;;;Caspari + NEIN (B=0 C=30)
0072-2023;2023;0;UNBEKANNT;0;;;;;;;;;;
0072-2025;2025;3;UNBEKANNT;0;;;;Phase T: Diff 25.3% (A=2224.0 R=1662.0);;Hengst Handwerk GmbH: 3451 EUR (202541546);;;;Caspari + NEIN (B=0 C=20)
0073-2023;2023;0;UNBEKANNT;0;;;;;;;;;;
0073-2025;2025;1;UNBEKANNT;0;;;;;;;;;;Caspari + NEIN (B=0 C=80)
0074-2023;2023;0;POSITIV;0;;;;;;;;;;
0074-2024;2024;1;UNBEKANNT;0;;;;;;;;;;Caspari + NEIN (B=0 C=30)
0074-2025;2025;3;UNBEKANNT;0;;;;Phase T: Diff 30.0% (A=1000.0 R=1300.0);Schreinerei Lothar Merte: 540.86 EUR x2 (25G0639/25G0665);;;;;Caspari + NEIN (B=0 C=80)
0075-2023;2023;0;UNBEKANNT;0;;;;;;;;;;
0075-2024;2024;3;UNBEKANNT;0;;;;Phase W: Diff 24.2% (A=5019.0 R=3806.0);;Hengst Malerwerkstätten GmbH: 4117 EUR (202436518);;Phase W: -1213.0 EUR (24.2%);;
0076-2023;2023;0;UNBEKANNT;0;;;;;;;;;;
0076-2025;2025;3;UNBEKANNT;0;;;;Phase T: Diff 82.5% (A=2810.0 R=492.0);;;;Phase T: -2318.0 EUR (82.5%);;Bierau + JA (B=15 C=17)
0077-2023;2023;0;UNBEKANNT;0;;;;;;;;;;
0077-2024;2024;1;UNBEKANNT;0;;;;;;;;;;Caspari + NEIN (B=0 C=10)
0078-2023;2023;0;UNBEKANNT;0;;;;;;;;;;
0078-2024;2024;0;UNBEKANNT;0;;;;;;;;;;
0079-2023;2023;2;POSITIV;2;GESICHERT;FALL-011;Bierau;;;Gerd Zippel: 9520 EUR (2311124);;Phase W: -1412.0 EUR (8.8%);;
0079-2025;2025;1;UNBEKANNT;0;;;;;;;;;;Caspari + NEIN (B=0 C=50)
0080-2025;2025;2;UNBEKANNT;0;;;;;;;;Phase T: -1600.0 EUR (100.0%);;Caspari + NEIN (B=0 C=20)
0081-2024;2024;0;UNBEKANNT;0;;;;;;;;;;
0082-2023;2023;0;UNBEKANNT;0;;;;;;;;;;
0082-2024;2024;2;UNBEKANNT;0;;;;;;N&N Bau GbR: 4792 EUR (RE601);;;;Caspari + NEIN (B=0 C=50)
0082-2025;2025;4;UNBEKANNT;5;GESICHERT|VERDACHT;FALL-011|FALL-014;Bierau|RS Bau;Phase T: Diff 91.5% (A=1222.0 R=2340.0);;Schreinerei Lothar Merte: 1082 EUR (25G0640);;;2 Akteure: Bierau,RS Bau;Caspari + NEIN (B=0 C=90)
0083-2023;2023;0;UNBEKANNT;0;;;;;;;;;;
0083-2024;2024;2;UNBEKANNT;0;;;;;;TeamFaktor NW GmbH: 15941 EUR (RE24091);;;;Caspari + NEIN (B=0 C=50)
0083-2025;2025;1;UNBEKANNT;0;;;;;;;;;;Bierau + JA (B=4 C=1)
0084-2023;2023;0;UNBEKANNT;0;;;;;;;;;;
0084-2025;2025;2;UNBEKANNT;0;;;;;;N&N Bau GbR: 1825 EUR (RE65925);;;;Caspari + NEIN (B=0 C=60)
0085-2023;2023;0;UNBEKANNT;0;;;;;;;;;;
0086-2023;2023;2;POSITIV;2;VERDACHT;FALL-018;Zippel;Phase W: Diff 32.4% (A=13401.0 R=17744.0);;Gerd Zippel: 19196 EUR (2307121);;;;
0087-2023;2023;3;NEGATIV;0;;;;Phase T: Diff 41.7% (A=10035.0 R=5850.0);;FENNER GmbH u. Co. KG: 5950 EUR (RE23102);;Phase T: -4185.0 EUR (41.7%);;
0087-2024;2024;1;UNBEKANNT;0;;;;;;;;;;Caspari + NEIN (B=0 C=40)
0087-2025;2025;1;NEGATIV;0;;;;;;;;;;Caspari + NEIN (B=0 C=30)
0088-2023;2023;0;UNBEKANNT;0;;;;;;;;;;
0088-2025;2025;4;POSITIV;18;VERDACHT;FALL-011|FALL-014|FALL-018;Bierau|Bierau, OTS, Schulz|Zippel|Zippel, Heck;Phase T: Diff 404.1% (A=1268.0 R=6393.0);;Firma Bajramaj: 2258 EUR (25100033);;;4 Akteure: Bierau, OTS, Schulz,Zippel, Heck,Bierau,Zippel;Bierau + JA (B=11 C=30)
0089-2023;2023;3;POSITIV;2;GESICHERT;FALL-017;Caspari, Schulz;Phase W: Diff 3161.3% (A=1540.0 R=50224.0);;OZ Immobiliendienste GmbH: 2684 EUR (230591);;;;Caspari + NEIN (B=0 C=80)
0089-2024;2024;2;UNBEKANNT;0;;;;;;;;Phase T: -1570.0 EUR (100.0%);;Caspari + NEIN (B=0 C=20)
0089-2025;2025;1;UNBEKANNT;0;;;;;;;;Phase T: -1714.0 EUR (100.0%);;
0090-2023;2023;1;NEGATIV;0;;;;;;;;Phase W: -4517.0 EUR (100.0%);;
0091-2023;2023;0;UNBEKANNT;0;;;;;;;;;;
0092-2023;2023;3;UNBEKANNT;0;;;;Phase W: Diff 141.3% (A=2621.0 R=6324.0);;MKG Der Dienstleister: 2785 EUR (R-24-192);;;;Caspari + NEIN (B=0 C=10)
0092-2024;2024;1;UNBEKANNT;0;;;;;;;;;;Caspari + NEIN (B=0 C=40)
0092-2025;2025;1;UNBEKANNT;0;;;;;;;;;;Caspari + NEIN (B=0 C=40)
0093-2023;2023;1;UNBEKANNT;0;;;;;;Schreinerei Lothar Merte: 2463 EUR (23G0502);;;;
0094-2023;2023;3;UNBEKANNT;3;GESICHERT|VERDACHT;FALL-014;Caspari, RS Bau|RS Bau;Phase W: Diff 83.1% (A=15192.0 R=27815.0);;RS Bau und Demontage Service: 3196 EUR (20230701);;;;Caspari + NEIN (B=0 C=20)
0094-2024;2024;2;UNBEKANNT;0;;;;Phase T: Diff 31.0% (A=990.0 R=684.0);;;;;;Caspari + NEIN (B=0 C=50)
0094-2025;2025;2;POSITIV;0;;;;;;;;Phase W: -6713.0 EUR (100.0%);;Caspari + NEIN (B=0 C=70)
0095-2023;2023;1;UNBEKANNT;0;;;;;;;;;;Caspari + NEIN (B=0 C=20)
0095-2024;2024;3;UNBEKANNT;0;;;;Phase T: Diff 131.5% (A=1017.0 R=2354.0);;Jakobi Heizung + Sanitär: 1706 EUR (2024-138);;;;Caspari + NEIN (B=0 C=10)
0095-2025;2025;1;UNBEKANNT;0;;;;;;;;;;Bierau + JA (B=2 C=10)
0096-2023;2023;3;UNBEKANNT;2;GESICHERT;FALL-015;Caspari, MKG;Phase W: Diff 607.8% (A=1448.0 R=10246.0);;MKG Der Dienstleister: 7514 EUR (R-23-129);;;;Caspari + NEIN (B=0 C=60)
0096-2024;2024;0;UNBEKANNT;0;;;;;;;;;;
0096-2025;2025;1;POSITIV;0;;;;;;;;;;Bierau + JA (B=10 C=25)
0097-2023;2023;0;UNBEKANNT;0;;;;;;;;;;
0097-2024;2024;2;UNBEKANNT;0;;;;Phase T: Diff 50.9% (A=1817.0 R=892.0);;;;;;Bierau + JA (B=20 C=40)
0098-2025;2025;2;POSITIV;2;VERDACHT;FALL-018;Zippel;;;Zippel Fliesen und Wohnraumgestaltung: 3708 EUR (2505120);;;;Caspari + NEIN (B=0 C=80)
0099-2023;2023;1;UNBEKANNT;0;;;;;;Hengst Malerwerkstätten GmbH: 5922 EUR (202333550);;;;
0099-2024;2024;3;UNBEKANNT;0;;;;Phase W: Diff 814.0% (A=1163.0 R=10629.0);;Firma Bajramaj: 2818 EUR (25020028);;;;Caspari + NEIN (B=0 C=70)
0100-2023;2023;2;UNBEKANNT;0;;;;Phase W: Diff 66.5% (A=2850.0 R=4745.0);;Schreinerei Lothar Merte: 1381 EUR (23G0887);;;;
0100-2024;2024;2;UNBEKANNT;0;;;;Phase T: Diff 48.3% (A=1005.0 R=520.0);;;;;;Caspari + NEIN (B=0 C=30)
0100-2025;2025;1;UNBEKANNT;0;;;;;;;;;;Caspari + NEIN (B=0 C=30)
0101-2023;2023;0;UNBEKANNT;0;;;;;;;;;;
0101-2024;2024;2;POSITIV;0;;;;;;;;Phase T: -9275.0 EUR (100.0%);;Bierau + JA (B=13 C=4)
0102-2023;2023;0;UNBEKANNT;0;;;;;;;;;;
0102-2024;2024;1;UNBEKANNT;0;;;;;;;;;;Caspari + NEIN (B=0 C=30)
0103-2023;2023;0;UNBEKANNT;0;;;;;;;;;;
0103-2024;2024;2;UNBEKANNT;0;;;;;;Schreinerei Lothar Merte: 1504 EUR (24G0817);;;;Caspari + NEIN (B=0 C=30)
0103-2025;2025;1;UNBEKANNT;0;;;;;;;;;;Caspari + NEIN (B=0 C=100)
0104-2023;2023;3;UNBEKANNT;2;VERDACHT;FALL-015;Caspari, MKG;Phase W: Diff 31.6% (A=17234.0 R=22685.0);;MKG Der Dienstleister: 7140 EUR (23-00099);;;;Caspari + NEIN (B=0 C=10)
0104-2024;2024;1;UNBEKANNT;0;;;;;;;;;;Caspari + NEIN (B=0 C=40)
0104-2025;2025;2;UNBEKANNT;0;;;;;;;;Phase T: -2953.0 EUR (100.0%);;Bierau + JA (B=4 C=10)
0105-2023;2023;1;UNBEKANNT;0;;;;;;;;;;Caspari + NEIN (B=0 C=20)
0105-2024;2024;3;POSITIV;3;HYPOTHESE|VERDACHT;FALL-014|FALL-015;MKG|RS Bau;Phase W: Diff 97.7% (A=8151.0 R=184.0);;;;Phase W: -7967.0 EUR (97.7%);;Bierau + JA (B=28 C=22)
0105-2025;2025;2;UNBEKANNT;1;GESICHERT;FALL-014;RS Bau;;;RS Bau und Demontage Service: 2169 EUR (20250607);;;;Caspari + NEIN (B=0 C=100)
0106-2023;2023;1;POSITIV;0;;;;;;;;Phase W: -3440.0 EUR (100.0%);;
0106-2024;2024;2;UNBEKANNT;0;;;;;;Hengst Malerwerkstätten GmbH: 5098 EUR (202436910);;;;Caspari + NEIN (B=0 C=40)
0106-2025;2025;3;POSITIV;4;GESICHERT;FALL-011;Bierau|Bierau, Ducree;;;;;Phase W: -6438.0 EUR (100.0%);2 Akteure: Bierau, Ducree,Bierau;Caspari + NEIN (B=0 C=100)
0107-2024;2024;1;UNBEKANNT;0;;;;;;;;;;Caspari + NEIN (B=0 C=10)
0107-2025;2025;2;UNBEKANNT;0;;;;;;;;Phase T: -1111.0 EUR (100.0%);;Bierau + JA (B=12 C=16)
0108-2023;2023;3;UNBEKANNT;0;;;;Phase T: Diff 26.5% (A=5661.0 R=4158.0);;;;Phase T: -1503.0 EUR (26.5%);;Caspari + NEIN (B=0 C=20)
0108-2025;2025;1;UNBEKANNT;0;;;;;;;;;;Caspari + NEIN (B=0 C=90)
0109-2023;2023;0;UNBEKANNT;0;;;;;;;;;;
0109-2024;2024;3;UNBEKANNT;0;;;;Phase W: Diff 84.8% (A=3031.0 R=5601.0);;Öko-Bauzentrum Junker GmbH & Co. KG: 3986 EUR (R2403021);;;;Caspari + NEIN (B=0 C=90)
0109-2025;2025;2;UNBEKANNT;4;GESICHERT;FALL-011|FALL-014;Bierau|RS Bau;;;;;;2 Akteure: Bierau,RS Bau;Bierau + JA (B=18 C=30)
0110-2024;2024;2;UNBEKANNT;2;GESICHERT|HYPOTHESE;FALL-015;Caspari|MKG;;;MKG Der Dienstleister: 11900 EUR (R-24-276);;;;Caspari + NEIN (B=0 C=60)
0110-2025;2025;2;UNBEKANNT;0;;;;;;N&N Bau GbR: 4089 EUR (RE66925);;;;Caspari + NEIN (B=0 C=40)
0111-2025;2025;2;POSITIV;0;;;;Phase W: Diff 60.7% (A=825.0 R=325.0);;;;;;Caspari + NEIN (B=0 C=90)
0112-2024;2024;2;UNBEKANNT;0;;;;Phase T: Diff 32.5% (A=1684.0 R=1136.0);;;;;;Caspari + NEIN (B=0 C=20)
0112-2025;2025;1;UNBEKANNT;0;;;;;;;;;;Caspari + NEIN (B=0 C=20)
0113-2024;2024;4;POSITIV;0;;;;Phase T: Diff 85.2% (A=8590.0 R=1274.0);;N&N Bau GbR: 8309 EUR (RE61024);;Phase T: -7316.0 EUR (85.2%);;Caspari + NEIN (B=0 C=100)
0113-2025;2025;2;UNBEKANNT;0;;;;Phase T: Diff 42.5% (A=944.0 R=1345.0);;;;;;Caspari + NEIN (B=0 C=90)
0114-2023;2023;0;UNBEKANNT;0;;;;;;;;;;
0114-2024;2024;3;POSITIV;0;;;;Phase T: Diff 57.5% (A=1247.0 R=530.0);;;;Phase W: -4404.0 EUR (100.0%);;Bierau + JA (B=13 C=8)
0115-2023;2023;4;POSITIV;0;;;;Phase T: Diff 63.5% (A=17784.0 R=6497.0);;Debus Energie- u. Gebäudetechnik GmbH & Co. KG: 2193 EUR (202388);;Phase T: -11287.0 EUR (63.5%);;Caspari + NEIN (B=0 C=10)
0115-2025;2025;2;UNBEKANNT;0;;;;;;Hengst Handwerk GmbH: 4521 EUR (202541485);;;;Caspari + NEIN (B=0 C=100)
0116-2023;2023;2;UNBEKANNT;0;;;;;;Firma Bajramaj: 13015 EUR (23080044);;;;Caspari + NEIN (B=0 C=30)
0116-2025;2025;1;UNBEKANNT;0;;;;;;;;;;Caspari + NEIN (B=0 C=50)
0117-2023;2023;0;UNBEKANNT;0;;;;;;;;;;
0117-2024;2024;1;UNBEKANNT;0;;;;;;;;;;Caspari + NEIN (B=0 C=20)
0117-2025;2025;2;UNBEKANNT;2;VERDACHT;FALL-011;Gade Gruppe, Farbklecks;;;;;Phase T: -3923.0 EUR (1.0%);;Bierau + NEIN (B=19 C=0)
0118-2023;2023;1;UNBEKANNT;1;GESICHERT;FALL-014;RS Bau;;;RS Bau und Demontage Service: 9315 EUR (20231008);;;;
0118-2024;2024;1;POSITIV;2;HYPOTHESE|VERDACHT;FALL-011|FALL-018;Bierau, Caspari|Zippel, Bierau, Caspari;;;;;Phase W: -8065.0 EUR (100.0%);;
0118-2025;2025;1;UNBEKANNT;0;;;;;;;;;;Bierau + JA (B=5 C=7)
0119-2024;2024;1;UNBEKANNT;0;;;;;;;;;;Caspari + NEIN (B=0 C=40)
0120-2023;2023;1;UNBEKANNT;0;;;;Phase W: Diff 41.2% (A=2972.0 R=4196.0);;;;;;
0120-2024;2024;3;POSITIV;3;HYPOTHESE|VERDACHT;FALL-011|FALL-018|OPERATIV;Bierau, Caspari|Caspari|Zippel, Bierau, Caspari;Phase T: Diff 59.8% (A=1675.0 R=674.0);;;;Phase W: -11832.0 EUR (100.0%);;Caspari + NEIN (B=0 C=30)
0120-2025;2025;3;UNBEKANNT;2;VERDACHT;FALL-011;Bierau;Phase T: Diff 107.0% (A=1778.0 R=3679.0);;Hengst Handwerk GmbH: 9582 EUR (202541481);;;;Bierau + JA (B=49 C=37)
0121-2023;2023;1;UNBEKANNT;0;;;;;;MKG Der Dienstleister: 5545 EUR (R-23-141);;;;
0122-2023;2023;0;UNBEKANNT;0;;;;;;;;;;
0122-2024;2024;1;UNBEKANNT;1;HYPOTHESE;FALL-014;Menkal;;;;;;;Caspari + NEIN (B=0 C=80)
0122-2025;2025;1;UNBEKANNT;0;;;;;;;;;;Caspari + NEIN (B=0 C=30)
0123-2023;2023;0;UNBEKANNT;0;;;;;;;;;;
0123-2024;2024;3;UNBEKANNT;0;;;;Phase W: Diff 86.5% (A=2787.0 R=5196.0);;TeamFaktor NW GmbH: 3377 EUR (RE24161);;;;Caspari + NEIN (B=0 C=30)
0123-2025;2025;2;POSITIV;0;;;;Phase W: Diff 94.3% (A=7892.0 R=453.0);;;;Phase W: -7439.0 EUR (94.3%);;
0124-2024;2024;4;POSITIV;1;HYPOTHESE;OPERATIV;Caspari;Phase W: Diff 61.1% (A=3239.0 R=1261.0);;Hengst Handwerk GmbH: 1364 EUR (202438114);;Phase W: -1979.0 EUR (61.1%);;Caspari + NEIN (B=0 C=50)
0124-2025;2025;4;POSITIV;4;VERDACHT;FALL-015|FALL-018;Caspari|Zippel;Phase W: Diff 22.8% (A=10610.0 R=13030.0);;Gerd Zippel: 5950 EUR (2509123);;;2 Akteure: Caspari,Zippel;Caspari + NEIN (B=0 C=100)
0125-2023;2023;0;UNBEKANNT;0;;;;;;;;;;
0125-2024;2024;4;POSITIV;0;;;;Phase T: Diff 41.3% (A=6855.0 R=4021.0);;Firma Bajramaj: 2387 EUR (24110009);;Phase W: -5054.0 EUR (100.0%);;Caspari + NEIN (B=0 C=100)
0125-2025;2025;1;UNBEKANNT;0;;;;;;;;;;Caspari + NEIN (B=0 C=40)
0126-2023;2023;0;UNBEKANNT;0;;;;;;;;;;
0126-2025;2025;1;UNBEKANNT;0;;;;;;;;;;Caspari + NEIN (B=0 C=20)
0127-2023;2023;1;POSITIV;0;;;;;;;;;;Caspari + NEIN (B=0 C=30)
0127-2025;2025;3;POSITIV;6;GESICHERT|HYPOTHESE|VERDACHT;FALL-011|FALL-018;Bierau, Caspari|Zippel|Zippel, Bierau, Caspari;;;;;Phase W: -14230.0 EUR (100.0%);2 Akteure: Zippel,Bierau, Caspari;Bierau + JA (B=18 C=7)
0128-2023;2023;1;UNBEKANNT;0;;;;;;;;;;Caspari + NEIN (B=0 C=10)
0128-2024;2024;1;UNBEKANNT;0;;;;;;;;;;Caspari + NEIN (B=0 C=50)
0128-2025;2025;1;POSITIV;2;VERDACHT;FALL-018;Zippel;;;;;;;Caspari + NEIN (B=0 C=90)
0129-2024;2024;3;UNBEKANNT;0;;;;Phase W: Diff 28.4% (A=10305.0 R=13228.0);;Hengst Malerwerkstätten GmbH: 11594 EUR (202437757);;;;Caspari + NEIN (B=0 C=30)
0130-2024;2024;2;UNBEKANNT;0;;;;Phase W: Diff 49.6% (A=1421.0 R=717.0);;;;;;Caspari + NEIN (B=0 C=10)
0130-2025;2025;1;UNBEKANNT;0;;;;;;;;;;Caspari + NEIN (B=0 C=20)
0131-2023;2023;1;UNBEKANNT;0;;;;;;;;;;Caspari + NEIN (B=0 C=10)
0131-2024;2024;1;UNBEKANNT;0;;;;;;;;;;Caspari + NEIN (B=0 C=40)
0133-2024;2024;1;UNBEKANNT;0;;;;;;;;;;Caspari + NEIN (B=0 C=70)
0133-2025;2025;1;UNBEKANNT;0;;;;;;;;;;Caspari + NEIN (B=0 C=60)
0134-2023;2023;2;UNBEKANNT;1;GESICHERT;FALL-014;RS Bau;;;RS Bau und Demontage Service: 11900 EUR (20231123);;;;Caspari + NEIN (B=0 C=60)
0134-2024;2024;2;UNBEKANNT;0;;;;Phase W: Diff 58.2% (A=7477.0 R=11827.0);;;;;;Caspari + NEIN (B=0 C=20)
0134-2025;2025;4;NEGATIV;0;;;;Phase T: Diff 23.1% (A=12126.0 R=9328.0);;Firma Bajramaj: 8054 EUR (25080027);;Phase T: -2798.0 EUR (23.1%);;Caspari + NEIN (B=0 C=60)
0135-2023;2023;2;UNBEKANNT;0;;;;Phase T: Diff 33.3% (A=1262.0 R=842.0);;;;;;Caspari + NEIN (B=0 C=20)
0135-2024;2024;1;UNBEKANNT;0;;;;;;;;Phase T: -1482.0 EUR (100.0%);;
0135-2025;2025;1;UNBEKANNT;0;;;;;;;;;;Caspari + NEIN (B=0 C=80)
0136-2024;2024;1;UNBEKANNT;0;;;;;;;;;;Caspari + NEIN (B=0 C=20)
0137-2023;2023;0;UNBEKANNT;0;;;;;;;;;;
0137-2024;2024;3;POSITIV;0;;;;Phase W: Diff 93.1% (A=11399.0 R=790.0);;;;Phase W: -10609.0 EUR (93.1%);;Caspari + NEIN (B=0 C=50)
0138-2023;2023;2;UNBEKANNT;0;;;;;;Hengst Malerwerkstätten GmbH: 5183 EUR (202436111);;;;Caspari + NEIN (B=0 C=30)
0138-2025;2025;2;UNBEKANNT;0;;;;Phase T: Diff 401.3% (A=518.0 R=2595.0);;;;;;Caspari + NEIN (B=0 C=90)
0139-2023;2023;1;POSITIV;0;;;;;;;;Phase W: -7913.0 EUR (100.0%);;
0139-2024;2024;2;UNBEKANNT;1;HYPOTHESE;FALL-014;Menkal;Phase W: Diff 957.0% (A=518.0 R=5480.0);;;;;;Caspari + NEIN (B=0 C=90)
0139-2025;2025;4;UNBEKANNT;0;;;;Phase T: Diff 52.8% (A=3222.0 R=1519.0);;N&N Bau GbR: 2643 EUR (RE69725);;Phase T: -1703.0 EUR (52.8%);;Caspari + NEIN (B=0 C=100)
0140-2023;2023;3;POSITIV;3;GESICHERT;FALL-015;Bierau|Caspari, MKG;;;MKG Der Dienstleister: 1846 EUR (R-24-218);;Phase W: -5845.0 EUR (100.0%);;Caspari + NEIN (B=0 C=30)
0140-2024;2024;1;UNBEKANNT;0;;;;;;;;;;Caspari + NEIN (B=0 C=30)
0141-2025;2025;1;UNBEKANNT;0;;;;;;;;;;Caspari + NEIN (B=0 C=10)
0142-2023;2023;0;UNBEKANNT;0;;;;;;;;;;
0142-2024;2024;1;UNBEKANNT;0;;;;;;;;;;Caspari + NEIN (B=0 C=40)
0142-2025;2025;2;UNBEKANNT;0;;;;Phase T: Diff 116.3% (A=759.0 R=1641.0);;;;;;Caspari + NEIN (B=0 C=60)
0143-2023;2023;0;POSITIV;0;;;;;;;;;;
0143-2024;2024;2;UNBEKANNT;0;;;;Phase T: Diff 79.2% (A=400.0 R=717.0);;;;;;Caspari + NEIN (B=0 C=30)
0143-2025;2025;1;UNBEKANNT;0;;;;;;;;;;Caspari + NEIN (B=0 C=10)
0144-2023;2023;0;UNBEKANNT;0;;;;;;;;;;
0144-2025;2025;2;UNBEKANNT;4;VERDACHT;FALL-011|UEBERGREIFEND;Bierau|Schulte (Expira);;;;;Phase T: -1317.0 EUR (100.0%);;Caspari + NEIN (B=0 C=20)
0145-2023;2023;3;POSITIV;2;GESICHERT;FALL-015;Caspari, Gerke K., Gerke M.;;;MKG Der Dienstleister: 2481 EUR (R-23-119);;Phase W: -2920.0 EUR (19.5%);;Caspari + NEIN (B=0 C=100)
0145-2024;2024;1;UNBEKANNT;0;;;;;;;;;;Caspari + NEIN (B=0 C=40)
0145-2025;2025;2;UNBEKANNT;0;;;;;;Hengst Handwerk GmbH: 8215 EUR (202541227);;;;Caspari + NEIN (B=0 C=100)
0146-2025;2025;1;UNBEKANNT;0;;;;Phase T: Diff 35.9% (A=2623.0 R=1681.0);;;;;;
0147-2024;2024;2;UNBEKANNT;0;;;;Phase W: Diff 175.6% (A=704.0 R=1940.0);;;;;;Caspari + NEIN (B=0 C=20)
0147-2025;2025;3;POSITIV;4;GESICHERT;FALL-011;Bierau|Ducree;;;;;Phase W: -8283.0 EUR (100.0%);2 Akteure: Ducree,Bierau;Bierau + JA (B=21 C=16)
0148-2023;2023;4;POSITIV;0;;;;Phase W: Diff 92.3% (A=14635.0 R=1129.0);;Schreinerei Lothar Merte: 1221 EUR (24G0815);;Phase W: -13506.0 EUR (92.3%);;Caspari + NEIN (B=0 C=20)
0148-2024;2024;2;POSITIV;0;;;;;;;;Phase W: -5689.0 EUR (100.0%);;Bierau + JA (B=30 C=60)
0148-2025;2025;0;UNBEKANNT;0;;;;;;;;;;
0150-2024;2024;1;UNBEKANNT;0;;;;;;;;;;Caspari + NEIN (B=0 C=20)
0150-2025;2025;1;UNBEKANNT;0;;;;;;;;;;Caspari + NEIN (B=0 C=40)
0151-2023;2023;1;UNBEKANNT;0;;;;Phase T: Diff 35.4% (A=1334.0 R=862.0);;;;;;
0151-2024;2024;2;UNBEKANNT;0;;;;Phase T: Diff 65.4% (A=520.0 R=180.0);;;;;;Bierau + JA (B=8 C=18)
0151-2025;2025;1;POSITIV;0;;;;;;;;Phase W: -2791.0 EUR (100.0%);;
0152-2024;2024;1;UNBEKANNT;0;;;;;;;;;;Caspari + NEIN (B=0 C=60)
0152-2025;2025;1;UNBEKANNT;0;;;;;;;;;;Caspari + NEIN (B=0 C=60)
0153-2023;2023;0;UNBEKANNT;0;;;;;;;;;;
0153-2024;2024;3;POSITIV;1;HYPOTHESE;FALL-014;Menkal;Phase W: Diff 69.9% (A=6236.0 R=1876.0);;;;Phase W: -4360.0 EUR (69.9%);;Caspari + NEIN (B=0 C=40)
0153-2025;2025;1;UNBEKANNT;0;;;;;;;;;;Caspari + NEIN (B=0 C=20)
0154-2023;2023;1;UNBEKANNT;0;;;;;;;;;;Caspari + NEIN (B=0 C=10)
0154-2024;2024;4;POSITIV;0;;;;Phase T: Diff 310.5% (A=1222.0 R=5017.0);;Firma Bajramaj: 3606 EUR (24100056);;Phase W: -3215.0 EUR (100.0%);;Caspari + NEIN (B=0 C=90)
0154-2025;2025;1;UNBEKANNT;0;;;;;;;;;;Caspari + NEIN (B=0 C=70)
0155-2023;2023;2;UNBEKANNT;0;;;;Phase W: Diff 33.9% (A=2775.0 R=1836.0);;;;;;Caspari + NEIN (B=0 C=40)
0155-2024;2024;1;UNBEKANNT;0;;;;;;;;;;Caspari + NEIN (B=0 C=20)
0155-2025;2025;1;UNBEKANNT;0;;;;;;;;;;Bierau + JA (B=5 C=12)
0156-2023;2023;3;POSITIV;1;HYPOTHESE;FALL-014;Menkal;Phase T: Diff 77.6% (A=5125.0 R=9103.0);;Hengst Handwerk GmbH: 15470 EUR (202438223);;;;Caspari + NEIN (B=0 C=30)
0156-2024;2024;2;UNBEKANNT;1;GESICHERT;FALL-015;Caspari;;;;;Phase S: -3790.0 EUR (1.0%);;Bierau + JA (B=9 C=10)
0156-2025;2025;1;UNBEKANNT;0;;;;;;;;;;Caspari + NEIN (B=0 C=30)
0157-2024;2024;3;NEGATIV;0;;;;Phase T: Diff 54.5% (A=1100.0 R=500.0);;;;Phase W: -1740.0 EUR (100.0%);;Caspari + NEIN (B=0 C=10)
0157-2025;2025;1;UNBEKANNT;0;;;;;;;;;;Caspari + NEIN (B=0 C=20)
0158-2023;2023;3;UNBEKANNT;0;;;;Phase T: Diff 60.7% (A=8916.0 R=3506.0);;;;Phase T: -5411.0 EUR (60.7%);;Caspari + NEIN (B=0 C=20)
0159-2023;2023;3;POSITIV;2;VERDACHT;FALL-018;Zippel;Phase T: Diff 112.2% (A=1746.0 R=3705.0);;OZ Immobiliendienste GmbH: 3089 EUR (230627);;;;Caspari + NEIN (B=0 C=10)
0159-2024;2024;1;UNBEKANNT;0;;;;;;;;;;Bierau + JA (B=40 C=40)
0159-2025;2025;1;UNBEKANNT;0;;;;;;;;;;Caspari + NEIN (B=0 C=40)
0160-2023;2023;1;UNBEKANNT;0;;;;Phase T: Diff 34.8% (A=2802.0 R=1826.0);;;;;;
0160-2024;2024;1;UNBEKANNT;0;;;;;;;;;;Caspari + NEIN (B=0 C=30)
0160-2025;2025;0;UNBEKANNT;0;;;;;;;;;;
0161-2023;2023;1;UNBEKANNT;0;;;;;;;;;;Caspari + NEIN (B=0 C=10)
0161-2024;2024;3;UNBEKANNT;0;;;;Phase T: Diff 78.1% (A=1500.0 R=2671.0);;Schreinerei Lothar Merte: 1142 EUR (25G0010);;;;Caspari + NEIN (B=0 C=90)
0162-2023;2023;2;UNBEKANNT;0;;;;Phase T: Diff 87.2% (A=2134.0 R=274.0);;;;Phase T: -1860.0 EUR (87.2%);;
0162-2024;2024;1;UNBEKANNT;1;HYPOTHESE;FALL-014;Menkal;;;;;;;Caspari + NEIN (B=0 C=50)
0162-2025;2025;2;UNBEKANNT;0;;;;;;;;Phase T: -1861.0 EUR (1.0%);;Bierau + JA (B=4 C=4)
0163-2025;2025;1;UNBEKANNT;0;;;;;;;;;;Caspari + NEIN (B=0 C=60)
0164-2023;2023;3;UNBEKANNT;0;;;;Phase T: Diff 63.7% (A=1947.0 R=706.0);;;;Phase T: -1241.0 EUR (63.7%);;Caspari + NEIN (B=0 C=10)
0164-2024;2024;4;POSITIV;3;GESICHERT;FALL-011|FALL-014;Bierau, RS Bau|RS Bau;Phase W: Diff 534.3% (A=1247.0 R=7907.0);;RS Bau und Demontage Service: 8554 EUR (20240901);;Phase T: -2557.0 EUR (1.0%);;Bierau + JA (B=39 C=16)
0164-2025;2025;1;UNBEKANNT;0;;;;;;;;;;Caspari + NEIN (B=0 C=60)
0165-2024;2024;3;POSITIV;2;VERDACHT;FALL-018;Zippel;Phase W: Diff 25.2% (A=13181.0 R=16509.0);;Gerd Zippel: 17859 EUR (2508134);;;;Caspari + NEIN (B=0 C=50)
0166-2023;2023;3;UNBEKANNT;4;GESICHERT|VERDACHT;FALL-011;Bierau;Phase T: Diff 88.0% (A=4015.0 R=7549.0);;Firma Bajramaj: 3324 EUR (23090045);;;;Caspari + NEIN (B=0 C=60)
0166-2024;2024;3;POSITIV;6;GESICHERT|HYPOTHESE|VERDACHT;FALL-011|FALL-018;Bierau, Caspari|Caspari, Maage|Zippel|Zippel, Bierau, Caspari;;;;;Phase W: -10016.0 EUR (100.0%);2 Akteure: Zippel,Caspari, Maage;Caspari + NEIN (B=0 C=50)
0166-2025;2025;1;UNBEKANNT;0;;;;Phase W: Diff 52.8% (A=2212.0 R=3381.0);;;;;;
0167-2023;2023;0;UNBEKANNT;0;;;;;;;;;;
0167-2024;2024;1;UNBEKANNT;0;;;;;;;;;;Caspari + NEIN (B=0 C=40)
0167-2025;2025;1;UNBEKANNT;0;;;;;;;;;;Caspari + NEIN (B=0 C=30)
0168-2024;2024;1;UNBEKANNT;0;;;;;;;;;;Caspari + NEIN (B=0 C=60)
0168-2025;2025;2;UNBEKANNT;0;;;;Phase T: Diff 77.4% (A=857.0 R=194.0);;;;;;Caspari + NEIN (B=0 C=20)
0169-2023;2023;2;UNBEKANNT;0;;;;Phase T: Diff 30.0% (A=1086.0 R=1411.0);;;;;;Caspari + NEIN (B=0 C=30)
0169-2024;2024;3;UNBEKANNT;1;GESICHERT;FALL-014;RS Bau;Phase W: Diff 116.7% (A=3548.0 R=7689.0);;RS Bau und Demontage Service: 3695 EUR (20241201);;;;Caspari + NEIN (B=0 C=100)
0169-2025;2025;2;POSITIV;1;GESICHERT;FALL-017;Bierau, Caspari;;;N&N Bau GbR: 5320 EUR (RE69825);;;;Caspari + NEIN (B=0 C=40)
0170-2023;2023;3;POSITIV;2;GESICHERT;FALL-018;Zippel;;;Gerd Zippel: 16660 EUR (2311105);;Phase T: -1003.0 EUR (12.5%);;Caspari + NEIN (B=0 C=20)
0170-2025;2025;1;UNBEKANNT;0;;;;;;;;;;Caspari + NEIN (B=0 C=20)
0171-2023;2023;3;POSITIV;0;;;;Phase W: Diff 21.4% (A=16759.0 R=20352.0);;Alpaslan Trockenbau: 7500 EUR (RE59124);;;;Caspari + NEIN (B=0 C=70)
0171-2024;2024;1;POSITIV;2;GESICHERT;FALL-011;Zippel;;;;;;;Caspari + NEIN (B=0 C=50)
0171-2025;2025;0;UNBEKANNT;0;;;;;;;;;;
0172-2023;2023;1;UNBEKANNT;0;;;;;;;;Phase T: -1911.0 EUR (100.0%);;
0172-2025;2025;1;UNBEKANNT;0;;;;;;;;;;Caspari + NEIN (B=0 C=20)
0173-2023;2023;2;UNBEKANNT;0;;;;Phase T: Diff 36.5% (A=1135.0 R=721.0);;;;;;Caspari + NEIN (B=0 C=10)
0173-2024;2024;2;UNBEKANNT;0;;;;Phase T: Diff 39.4% (A=1562.0 R=946.0);;;;;;Bierau + JA (B=7 C=10)
0174-2024;2024;1;UNBEKANNT;0;;;;;;;;;;Caspari + NEIN (B=0 C=10)
0174-2025;2025;1;UNBEKANNT;0;;;;;;;;;;Caspari + NEIN (B=0 C=30)
0175-2023;2023;1;UNBEKANNT;0;;;;;;;;;;Caspari + NEIN (B=0 C=20)
0175-2024;2024;1;UNBEKANNT;0;;;;;;;;;;Caspari + NEIN (B=0 C=20)
0175-2025;2025;0;UNBEKANNT;0;;;;;;;;;;
0176-2023;2023;1;UNBEKANNT;0;;;;;;;;;;Caspari + NEIN (B=0 C=30)
0176-2024;2024;1;UNBEKANNT;0;;;;;;;;;;Caspari + NEIN (B=0 C=30)
0176-2025;2025;1;UNBEKANNT;2;GESICHERT;FALL-014;Bierau, Caspari;;;;;Phase T: -2751.0 EUR (100.0%);;
0177-2023;2023;3;POSITIV;0;;;;;;Firma Bajramaj: 8404 EUR (24010009);;Phase T: -1111.0 EUR (9.1%);;Caspari + NEIN (B=0 C=70)
0177-2024;2024;2;UNBEKANNT;0;;;;;;Schreinerei Lothar Merte: 2110 EUR (24G0830);;;;Caspari + NEIN (B=0 C=40)
0177-2025;2025;2;UNBEKANNT;0;;;;;;;;Phase T: -3000.0 EUR (1.0%);;Caspari + NEIN (B=0 C=22)
0178-2023;2023;2;UNBEKANNT;0;;;;Phase T: Diff 23.1% (A=1384.0 R=1065.0);;;;;;Caspari + NEIN (B=0 C=40)
0178-2024;2024;2;UNBEKANNT;0;;;;;;;;Phase T: -4065.0 EUR (100.0%);;Caspari + NEIN (B=0 C=60)
0178-2025;2025;1;UNBEKANNT;0;;;;Phase T: Diff 111.9% (A=1851.0 R=3921.0);;;;;;
0179-2023;2023;1;UNBEKANNT;0;;;;;;;;;;Caspari + NEIN (B=0 C=10)
0179-2024;2024;2;UNBEKANNT;0;;;;Phase T: Diff 139.8% (A=1210.0 R=2901.0);;;;;;Caspari + NEIN (B=0 C=100)
0179-2025;2025;1;UNBEKANNT;0;;;;;;;;Phase T: -1735.0 EUR (1.0%);;
0180-2023;2023;3;UNBEKANNT;0;;;;Phase T: Diff 92.1% (A=1762.0 R=140.0);;;;Phase T: -1622.0 EUR (92.1%);;Caspari + NEIN (B=0 C=10)
0180-2024;2024;1;UNBEKANNT;0;;;;;;;;;;Caspari + NEIN (B=0 C=70)
0180-2025;2025;1;UNBEKANNT;0;;;;;;;;;;Caspari + NEIN (B=0 C=40)
0181-2023;2023;4;UNBEKANNT;0;;;;Phase W: Diff 36.6% (A=2820.0 R=1788.0);;Hengst Malerwerkstätten GmbH: 1935 EUR (202333843);;Phase W: -1031.0 EUR (36.6%);;Caspari + NEIN (B=0 C=20)
0181-2024;2024;1;UNBEKANNT;0;;;;;;;;;;Caspari + NEIN (B=0 C=80)
0182-2024;2024;2;UNBEKANNT;0;;;;Phase W: Diff 30.3% (A=3802.0 R=4953.0);;Öko-Bauzentrum Junker GmbH & Co. KG: 5359 EUR (R2402672);;;;
0182-2025;2025;0;UNBEKANNT;0;;;;;;;;;;
0183-2023;2023;0;UNBEKANNT;0;;;;;;;;;;
0184-2024;2024;1;UNBEKANNT;0;;;;;;;;;;Caspari + NEIN (B=0 C=30)
0184-2025;2025;1;UNBEKANNT;0;;;;;;;;Phase T: -3492.0 EUR (100.0%);;
0185-2023;2023;1;UNBEKANNT;0;;;;;;;;;;Caspari + NEIN (B=0 C=10)
0185-2025;2025;0;UNBEKANNT;0;;;;;;;;;;
0186-2023;2023;1;UNBEKANNT;0;;;;;;;;;;Caspari + NEIN (B=0 C=10)
0186-2024;2024;0;UNBEKANNT;0;;;;;;;;;;
0186-2025;2025;2;NEGATIV;0;;;;Phase W: Diff 46.0% (A=2200.0 R=1188.0);;;;Phase W: -1012.0 EUR (46.0%);;
0187-2024;2024;2;POSITIV;0;;;;Phase W: Diff 64.8% (A=689.0 R=242.0);;;;;;Caspari + NEIN (B=0 C=60)
0187-2025;2025;3;POSITIV;0;;;;Phase W: Diff 74.8% (A=31405.0 R=7914.0);;Firma Bajramaj: 4406 EUR (25110001);;Phase W: -23491.0 EUR (74.8%);;
0188-2023;2023;3;UNBEKANNT;0;;;;Phase T: Diff 135.1% (A=1699.0 R=3994.0);;Schreinerei Lothar Merte: 2230 EUR (23G0886);;;;Caspari + NEIN (B=0 C=20)
0189-2023;2023;3;UNBEKANNT;2;VERDACHT;FALL-015;Caspari, MKG;Phase W: Diff 67.4% (A=13174.0 R=22052.0);;Firma Bajramaj: 2697 EUR (23110042);;;;Caspari + NEIN (B=0 C=10)
0189-2024;2024;1;UNBEKANNT;0;;;;;;;;;;Caspari + NEIN (B=0 C=50)
0189-2025;2025;0;UNBEKANNT;0;;;;;;;;;;
0190-2023;2023;1;UNBEKANNT;0;;;;Phase T: Diff 98.2% (A=1317.0 R=2609.0);;;;;;
0190-2025;2025;0;UNBEKANNT;0;;;;;;;;;;
0191-2023;2023;0;UNBEKANNT;0;;;;;;;;;;
0191-2024;2024;1;UNBEKANNT;0;;;;;;;;;;Caspari + NEIN (B=0 C=10)
0191-2025;2025;0;UNBEKANNT;0;;;;;;;;;;
0192-2023;2023;3;UNBEKANNT;0;;;;Phase T: Diff 85.3% (A=1864.0 R=274.0);;;;Phase T: -1590.0 EUR (85.3%);;Caspari + NEIN (B=0 C=10)
0192-2024;2024;1;UNBEKANNT;0;;;;;;;;;;Caspari + NEIN (B=0 C=30)
0192-2025;2025;1;UNBEKANNT;0;;;;Phase L: Diff 31.7% (A=619.0 R=423.0);;;;;;
0193-2023;2023;2;UNBEKANNT;0;;;;Phase T: Diff 86.3% (A=3252.0 R=445.0);;;;Phase T: -2807.0 EUR (86.3%);;
0193-2024;2024;3;UNBEKANNT;0;;;;Phase T: Diff 84.0% (A=7150.0 R=1141.0);;;;Phase T: -6009.0 EUR (84.0%);;Bierau + JA (B=10 C=70)
0193-2025;2025;1;NEGATIV;0;;;;Phase T: Diff 50.0% (A=680.0 R=1020.0);;;;;;
0194-2024;2024;3;POSITIV;0;;;;Phase T: Diff 42.0% (A=3026.0 R=1755.0);;;;Phase W: -6949.0 EUR (100.0%);;Bierau + JA (B=32 C=39)
0194-2025;2025;1;UNBEKANNT;0;;;;Phase T: Diff 45.8% (A=1081.0 R=1576.0);;;;;;
0195-2025;2025;1;UNBEKANNT;0;;;;Phase T: Diff 42.8% (A=1367.0 R=782.0);;;;;;
0196-2023;2023;1;UNBEKANNT;0;;;;Phase W: Diff 34.6% (A=9259.0 R=12460.0);;;;;;
0196-2024;2024;1;UNBEKANNT;0;;;;;;;;;;Caspari + NEIN (B=0 C=50)
0197-2023;2023;2;UNBEKANNT;0;;;;Phase T: Diff 1108.0% (A=50.0 R=604.0);;;;;;Caspari + NEIN (B=0 C=30)
0197-2024;2024;4;UNBEKANNT;5;GESICHERT|VERDACHT;FALL-011|FALL-018;Bierau|Bierau, Caspari|Gade;Phase T: Diff 26.4% (A=5228.0 R=6606.0);;Hofmann Bauservice: 4554 EUR (2025002);;;2 Akteure: Bierau,Gade;Caspari + NEIN (B=0 C=20)
0198-2024;2024;2;UNBEKANNT;0;;;;Phase T: Diff 32.0% (A=1500.0 R=1980.0);;;;;;Caspari + NEIN (B=0 C=60)
0198-2025;2025;1;UNBEKANNT;0;;;;;;Firma Bajramaj: 2610 EUR (25110026);;;;
0199-2023;2023;2;POSITIV;0;;;;;;;;Phase W: -3715.0 EUR (100.0%);;Caspari + NEIN (B=0 C=20)
0199-2024;2024;3;UNBEKANNT;0;;;;Phase T: Diff 501.3% (A=505.0 R=3037.0);;Firma Bajramaj: 2328 EUR (24070058);;;;Caspari + NEIN (B=0 C=60)
0200-2023;2023;3;UNBEKANNT;0;;;;Phase T: Diff 90.1% (A=1593.0 R=159.0);;;;Phase T: -1435.0 EUR (90.1%);;Caspari + NEIN (B=0 C=30)
0200-2024;2024;1;UNBEKANNT;0;;;;;;;;;;Bierau + JA (B=9 C=15)
0201-2023;2023;5;UNBEKANNT;7;GESICHERT;FALL-014|FALL-015;Caspari, MKG|MKG|RS Bau;Phase W: Diff 43.8% (A=82752.0 R=119012.0);;RS Bau und Demontage Service: 24487 EUR (20231122);;Phase T: -26305.0 EUR (91.5%);3 Akteure: MKG,Caspari, MKG,RS Bau;Caspari + NEIN (B=0 C=60)
0201-2024;2024;2;UNBEKANNT;3;GESICHERT|VERDACHT;FALL-011|FALL-014;Bierau, Caspari|Caspari;;;Stephan Lowicki: 7476 EUR (250094);;;;Caspari + NEIN (B=0 C=100)
0201-2025;2025;1;UNBEKANNT;0;;;;;;;;Phase T: -1030.0 EUR (100.0%);;
0202-2023;2023;1;UNBEKANNT;0;;;;;;;;;;Caspari + NEIN (B=0 C=50)
0202-2025;2025;2;UNBEKANNT;0;;;;Phase T: Diff 87.1% (A=2344.0 R=303.0);;;;Phase T: -2041.0 EUR (87.1%);;
0203-2023;2023;2;UNBEKANNT;0;;;;Phase T: Diff 29.4% (A=1923.0 R=1357.0);;;;;;Caspari + NEIN (B=0 C=30)
0203-2024;2024;2;UNBEKANNT;0;;;;Phase T: Diff 30.6% (A=818.0 R=568.0);;;;;;Caspari + NEIN (B=0 C=10)
0204-2023;2023;3;UNBEKANNT;2;GESICHERT;FALL-015;MKG;Phase T: Diff 26.1% (A=1233.0 R=912.0);;MKG Der Dienstleister: 1030 EUR (R-23-175);;;;Caspari + NEIN (B=0 C=50)
0204-2024;2024;3;UNBEKANNT;0;;;;Phase T: Diff 139.6% (A=1389.0 R=3328.0);;Schreinerei Lothar Merte: 1803 EUR (25G0138);;;;Caspari + NEIN (B=0 C=40)
0205-2024;2024;1;UNBEKANNT;0;;;;;;;;;;Caspari + NEIN (B=0 C=10)
0205-2025;2025;0;UNBEKANNT;0;;;;;;;;;;
0206-2025;2025;1;UNBEKANNT;0;;;;;;;;Phase T: -1010.0 EUR (100.0%);;
0207-2024;2024;0;UNBEKANNT;0;;;;;;;;;;
0208-2023;2023;1;POSITIV;0;;;;;;;;Phase W: -4833.0 EUR (100.0%);;
0208-2024;2024;1;UNBEKANNT;0;;;;;;;;;;Caspari + NEIN (B=0 C=30)
0209-2023;2023;1;UNBEKANNT;0;;;;;;;;;;Caspari + NEIN (B=0 C=80)
0209-2024;2024;1;UNBEKANNT;0;;;;;;;;Phase T: -2641.0 EUR (100.0%);;
0209-2025;2025;0;UNBEKANNT;0;;;;;;;;;;
0210-2023;2023;3;UNBEKANNT;0;;;;Phase T: Diff 25.7% (A=735.0 R=546.0);;MKG Der Dienstleister: 4127 EUR (R-24-188);;;;Caspari + NEIN (B=0 C=40)
0210-2024;2024;2;UNBEKANNT;0;;;;Phase T: Diff 76.2% (A=1111.0 R=264.0);;;;;;Bierau + JA (B=14 C=7)
0211-2023;2023;2;UNBEKANNT;0;;;;;;;;Phase T: -1830.0 EUR (100.0%);;Caspari + NEIN (B=0 C=20)
0211-2024;2024;2;UNBEKANNT;0;;;;Phase W: Diff 24.7% (A=1219.0 R=918.0);;;;;;Caspari + NEIN (B=0 C=10)
0211-2025;2025;1;UNBEKANNT;0;;;;;;;;Phase T: -18267.0 EUR (100.0%);;
0212-2023;2023;1;UNBEKANNT;0;;;;;;;;;;Caspari + NEIN (B=0 C=30)
0212-2024;2024;1;UNBEKANNT;0;;;;;;;;;;Caspari + NEIN (B=0 C=20)
0213-2023;2023;1;UNBEKANNT;0;;;;;;;;;;Caspari + NEIN (B=0 C=20)
0213-2025;2025;1;UNBEKANNT;0;;;;;;;;Phase T: -1455.0 EUR (100.0%);;
0214-2023;2023;1;UNBEKANNT;0;;;;;;;;;;Caspari + NEIN (B=0 C=40)
0214-2024;2024;1;UNBEKANNT;0;;;;;;;;;;Caspari + NEIN (B=0 C=40)
0214-2025;2025;1;UNBEKANNT;0;;;;;;;;Phase T: -4764.0 EUR (100.0%);;
0215-2023;2023;3;UNBEKANNT;0;;;;Phase T: Diff 72.1% (A=1755.0 R=490.0);;;;Phase T: -1265.0 EUR (72.1%);;Caspari + NEIN (B=0 C=50)
0216-2023;2023;1;UNBEKANNT;0;;;;;;;;;;Caspari + NEIN (B=0 C=20)
0216-2025;2025;0;UNBEKANNT;0;;;;;;;;;;
0217-2023;2023;4;UNBEKANNT;2;GESICHERT;FALL-015;Caspari, MKG;Phase W: Diff 1212.5% (A=1252.0 R=16435.0);;MKG Der Dienstleister: 4165 EUR (R-24-204);;Phase T: -2223.0 EUR (70.4%);;Caspari + NEIN (B=0 C=30)
0217-2024;2024;0;UNBEKANNT;0;;;;;;;;;;
0217-2025;2025;0;UNBEKANNT;0;;;;;;;;;;
0218-2023;2023;2;UNBEKANNT;0;;;;Phase T: Diff 27.5% (A=480.0 R=613.0);;;;;;Caspari + NEIN (B=0 C=50)
0219-2024;2024;3;POSITIV;9;GESICHERT|HYPOTHESE|VERDACHT;FALL-011;Bierau|Richter, Bierau|Unbekannt (SM-A336B)|Zippel, Bierau;;;;;Phase W: -43784.0 EUR (100.0%);3 Akteure: Bierau,Zippel, Bierau,Unbekannt (SM-A336B);Bierau + JA (B=23 C=21)
0219-2025;2025;0;UNBEKANNT;0;;;;;;;;;;
0220-2023;2023;2;UNBEKANNT;0;;;;;;;;Phase T: -1413.0 EUR (100.0%);;Caspari + NEIN (B=0 C=30)
0220-2024;2024;2;UNBEKANNT;0;;;;;;;;Phase T: -1399.0 EUR (100.0%);;Caspari + NEIN (B=0 C=30)
0220-2025;2025;0;UNBEKANNT;0;;;;;;;;;;
0221-2023;2023;2;UNBEKANNT;0;;;;;;Nils Löser Haustechnik: 1022 EUR (232712);;;;Caspari + NEIN (B=0 C=40)
0221-2024;2024;2;UNBEKANNT;0;;;;Phase T: Diff 767.6% (A=4442.0 R=38537.0);;;;;;Caspari + NEIN (B=0 C=100)
0221-2025;2025;0;NEGATIV;0;;;;;;;;;;
0222-2023;2023;3;UNBEKANNT;0;;;;Phase T: Diff 83.4% (A=4222.0 R=700.0);;;;Phase T: -3522.0 EUR (83.4%);;Caspari + NEIN (B=0 C=70)
0222-2024;2024;2;UNBEKANNT;0;;;;;;;;Phase T: -7602.0 EUR (100.0%);;Bierau + JA (B=2 C=5)
0222-2025;2025;0;UNBEKANNT;0;;;;;;;;;;
0223-2023;2023;2;UNBEKANNT;0;;;;;;Hengst Malerwerkstätten GmbH: 4581 EUR (202436618);;;;Caspari + NEIN (B=0 C=20)
0223-2024;2024;4;POSITIV;2;GESICHERT;FALL-011;Bierau, Caspari;Phase T: Diff 377.8% (A=1636.0 R=7816.0);;Firma Bajramaj: 4858 EUR (24110013);;Phase W: -3968.0 EUR (100.0%);;Bierau + JA (B=31 C=36)
0224-2023;2023;1;UNBEKANNT;0;;;;;;;;;;Caspari + NEIN (B=0 C=10)
0224-2024;2024;1;UNBEKANNT;0;;;;;;;;;;Caspari + NEIN (B=0 C=10)
0224-2025;2025;0;UNBEKANNT;0;;;;;;;;;;
0225-2023;2023;4;UNBEKANNT;0;;;;Phase W: Diff 22.1% (A=6951.0 R=5415.0);;Hengst Malerwerkstätten GmbH: 5859 EUR (202436725);;Phase W: -1536.0 EUR (22.1%);;Caspari + NEIN (B=0 C=50)
0225-2024;2024;2;UNBEKANNT;0;;;;Phase T: Diff 45.5% (A=1375.0 R=2001.0);;;;;;Caspari + NEIN (B=0 C=20)
0226-2023;2023;1;UNBEKANNT;0;;;;;;;;;;Caspari + NEIN (B=0 C=60)
0226-2024;2024;2;UNBEKANNT;0;;;;;;;;Phase T: -1887.0 EUR (100.0%);;Bierau + JA (B=1 C=5)
0226-2025;2025;0;UNBEKANNT;0;;;;;;;;;;
0227-2023;2023;2;UNBEKANNT;0;;;;;;Hengst Malerwerkstätten GmbH: 3123 EUR (202436052);;;;Caspari + NEIN (B=0 C=50)
0227-2025;2025;1;UNBEKANNT;0;;;;Phase T: Diff 46.4% (A=530.0 R=284.0);;;;;;
0229-2023;2023;1;UNBEKANNT;0;;;;;;;;;;Caspari + NEIN (B=0 C=30)
0229-2024;2024;0;UNBEKANNT;0;;;;;;;;;;
0229-2025;2025;0;UNBEKANNT;0;;;;;;;;;;
0230-2024;2024;3;UNBEKANNT;2;VERDACHT;FALL-011;Bierau;Phase T: Diff 64.4% (A=4106.0 R=1463.0);;;;Phase T: -2643.0 EUR (64.4%);;Caspari + NEIN (B=0 C=60)
0230-2025;2025;0;UNBEKANNT;0;;;;;;;;;;
0231-2023;2023;1;UNBEKANNT;0;;;;;;;;;;Caspari + NEIN (B=0 C=100)
0231-2024;2024;1;UNBEKANNT;0;;;;;;;;;;Caspari + NEIN (B=0 C=40)
0232-2023;2023;2;UNBEKANNT;0;;;;Phase T: Diff 40.4% (A=2153.0 R=1283.0);;;;;;Caspari + NEIN (B=0 C=50)
0232-2024;2024;2;POSITIV;0;;;;;;Firma Bajramaj: 4783 EUR (25010005);;;;Caspari + NEIN (B=0 C=50)
0232-2025;2025;0;UNBEKANNT;0;;;;;;;;;;
0233-2023;2023;2;POSITIV;0;;;;;;;;Phase W: -15568.0 EUR (100.0%);;Caspari + NEIN (B=0 C=100)
0233-2024;2024;1;UNBEKANNT;0;;;;;;;;;;Caspari + NEIN (B=0 C=30)
0234-2024;2024;2;UNBEKANNT;0;;;;Phase T: Diff 34.0% (A=1778.0 R=1173.0);;;;;;Caspari + NEIN (B=0 C=20)
0234-2025;2025;1;UNBEKANNT;0;;;;Phase T: Diff 23.5% (A=889.0 R=680.0);;;;;;
0235-2023;2023;3;UNBEKANNT;0;;;;Phase T: Diff 27.1% (A=1263.0 R=1606.0);;MKG Der Dienstleister: 3362 EUR (R-23-174);;;;Caspari + NEIN (B=0 C=50)
0236-2024;2024;1;UNBEKANNT;0;;;;;;;;;;Caspari + NEIN (B=0 C=70)
0237-2024;2024;1;UNBEKANNT;0;;;;;;;;;;Caspari + NEIN (B=0 C=10)
0238-2024;2024;3;UNBEKANNT;0;;;;Phase T: Diff 39.6% (A=3201.0 R=1934.0);;;;Phase T: -1267.0 EUR (39.6%);;Caspari + NEIN (B=0 C=60)
0238-2025;2025;0;UNBEKANNT;0;;;;;;;;;;
0239-2023;2023;1;UNBEKANNT;0;;;;;;;;;;Caspari + NEIN (B=0 C=10)
0239-2024;2024;4;POSITIV;7;GESICHERT|HYPOTHESE|VERDACHT;FALL-011|FALL-016|FALL-018;Bierau, Caspari|Bierau, Caspari, Zippel|Richter, Bierau|Zippel|Zippel, Bierau, Caspari;Phase T: Diff 40.2% (A=1500.0 R=2103.0);;;;Phase W: -9284.0 EUR (100.0%);2 Akteure: Bierau, Caspari, Zippel,Zippel;Caspari + NEIN (B=0 C=80)
0240-2023;2023;2;UNBEKANNT;0;;;;;;MKG Der Dienstleister: 2940 EUR (R-24-302);;;;Caspari + NEIN (B=0 C=30)
0241-2024;2024;0;UNBEKANNT;0;;;;;;;;;;
0242-2023;2023;1;UNBEKANNT;0;;;;;;;;;;Caspari + NEIN (B=0 C=60)
0243-2024;2024;2;POSITIV;0;;;;;;N&N Bau GbR: 5000 EUR (RE62624);;;;Caspari + NEIN (B=0 C=40)
0244-2023;2023;1;UNBEKANNT;0;;;;;;;;;;Caspari + NEIN (B=0 C=40)
0244-2024;2024;1;UNBEKANNT;0;;;;;;;;;;Caspari + NEIN (B=0 C=20)
0245-2024;2024;1;UNBEKANNT;0;;;;;;;;;;Caspari + NEIN (B=0 C=30)
0246-2024;2024;1;UNBEKANNT;0;;;;;;;;Phase T: -1408.0 EUR (100.0%);;
0247-2023;2023;1;UNBEKANNT;0;;;;;;;;;;Caspari + NEIN (B=0 C=30)
0247-2024;2024;3;UNBEKANNT;0;;;;Phase T: Diff 95.0% (A=3725.0 R=185.0);;;;Phase T: -3540.0 EUR (95.0%);;Bierau + JA (B=12 C=17)
0248-2023;2023;1;UNBEKANNT;0;;;;;;;;;;Caspari + NEIN (B=0 C=20)
0249-2023;2023;1;UNBEKANNT;0;;;;;;;;;;Caspari + NEIN (B=0 C=50)
0251-2023;2023;3;NEGATIV;0;;;;;;Alexander Jakob: 1184 EUR (23143);;Phase W: -2614.0 EUR (100.0%);;Caspari + NEIN (B=0 C=30)
0251-2024;2024;1;UNBEKANNT;0;;;;;;;;;;Caspari + NEIN (B=0 C=60)
0252-2023;2023;2;UNBEKANNT;0;;;;Phase T: Diff 22.7% (A=1007.0 R=1236.0);;;;;;Bierau + JA (B=14 C=6)
0253-2023;2023;1;UNBEKANNT;0;;;;;;;;;;Caspari + NEIN (B=0 C=40)
0253-2024;2024;4;POSITIV;5;GESICHERT|HYPOTHESE;FALL-011|FALL-015;Caspari|Caspari, MKG|MKG;Phase W: Diff 96.0% (A=8730.0 R=352.0);;Firma Bajramaj: 1765 EUR (25010027);;Phase W: -8378.0 EUR (96.0%);;Caspari + NEIN (B=0 C=100)
0255-2023;2023;1;UNBEKANNT;0;;;;;;;;;;Caspari + NEIN (B=0 C=60)
0256-2023;2023;2;UNBEKANNT;0;;;;;;;;Phase T: -2404.0 EUR (100.0%);;Caspari + NEIN (B=0 C=50)
0256-2024;2024;2;UNBEKANNT;0;;;;;;Firma Bajramaj: 3788 EUR (24110054);;;;Caspari + NEIN (B=0 C=70)
0257-2024;2024;1;UNBEKANNT;0;;;;;;;;;;Caspari + NEIN (B=0 C=10)
0258-2023;2023;2;UNBEKANNT;0;;;;Phase T: Diff 248.1% (A=2291.0 R=7977.0);;;;;;Caspari + NEIN (B=0 C=20)
0258-2024;2024;3;UNBEKANNT;0;;;;Phase T: Diff 93.1% (A=2036.0 R=140.0);;;;Phase T: -1896.0 EUR (93.1%);;Caspari + NEIN (B=0 C=30)
0259-2023;2023;3;UNBEKANNT;0;;;;Phase T: Diff 36.0% (A=3215.0 R=2058.0);;;;Phase T: -1157.0 EUR (36.0%);;Caspari + NEIN (B=0 C=30)
0260-2023;2023;3;UNBEKANNT;0;;;;Phase T: Diff 91.9% (A=1725.0 R=140.0);;;;Phase T: -1585.0 EUR (91.9%);;Caspari + NEIN (B=0 C=10)
0261-2023;2023;1;UNBEKANNT;0;;;;;;;;;;Caspari + NEIN (B=0 C=20)
0263-2023;2023;1;UNBEKANNT;0;;;;;;;;;;Caspari + NEIN (B=0 C=30)
0263-2024;2024;2;UNBEKANNT;0;;;;;;Schreinerei Lothar Merte: 7230 EUR (25G0382);;;;Caspari + NEIN (B=0 C=40)
0264-2024;2024;1;UNBEKANNT;0;;;;;;;;;;Caspari + NEIN (B=0 C=30)
0265-2023;2023;1;UNBEKANNT;0;;;;;;;;;;Caspari + NEIN (B=0 C=20)
0265-2024;2024;1;UNBEKANNT;0;;;;;;;;;;Caspari + NEIN (B=0 C=30)
0266-2023;2023;1;UNBEKANNT;0;;;;;;;;;;Caspari + NEIN (B=0 C=20)
0266-2024;2024;1;UNBEKANNT;0;;;;;;;;Phase T: -1929.0 EUR (100.0%);;
0267-2023;2023;1;UNBEKANNT;0;;;;;;;;;;Caspari + NEIN (B=0 C=10)
0268-2024;2024;2;POSITIV;1;HYPOTHESE;FALL-011;Richter, Bierau;;;Gerd Zippel: 8420 EUR (2502105);;;;Caspari + NEIN (B=0 C=50)
0269-2024;2024;1;UNBEKANNT;0;;;;;;;;;;Caspari + NEIN (B=0 C=30)
0270-2023;2023;3;UNBEKANNT;0;;;;Phase W: Diff 37.3% (A=8734.0 R=5480.0);;Hengst Malerwerkstätten GmbH: 5928 EUR (202436933);;Phase W: -3254.0 EUR (37.3%);;
0270-2024;2024;3;UNBEKANNT;3;GESICHERT;FALL-014|FALL-015;Caspari, Schulz|RS Bau;Phase T: Diff 27.4% (A=11400.0 R=14522.0);;RS Bau und Demontage Service: 13391 EUR (20250109);;;;Caspari + NEIN (B=0 C=100)
0271-2023;2023;2;UNBEKANNT;0;;;;Phase T: Diff 25.5% (A=1349.0 R=1005.0);;;;;;Caspari + NEIN (B=0 C=30)
0272-2023;2023;1;UNBEKANNT;0;;;;;;;;;;Bierau + JA (B=20 C=50)
0272-2024;2024;2;POSITIV;0;;;;;;N&N Bau GbR: 6438 EUR (RE67425);;;;Caspari + NEIN (B=0 C=30)
0273-2023;2023;1;UNBEKANNT;0;;;;;;;;;;Caspari + NEIN (B=0 C=30)
0273-2024;2024;2;POSITIV;0;;;;Phase T: Diff 94.0% (A=729.0 R=1414.0);;;;;;Caspari + NEIN (B=0 C=30)
0275-2023;2023;2;UNBEKANNT;0;;;;Phase T: Diff 40.8% (A=992.0 R=588.0);;;;;;Caspari + NEIN (B=0 C=30)
0275-2024;2024;1;UNBEKANNT;0;;;;;;;;;;Bierau + JA (B=19 C=10)
0277-2023;2023;1;UNBEKANNT;0;;;;;;;;Phase T: -1461.0 EUR (100.0%);;
0277-2024;2024;2;POSITIV;0;;;;;;;;Phase W: -3102.0 EUR (100.0%);;Bierau + JA (B=43 C=43)
0278-2023;2023;1;UNBEKANNT;0;;;;;;;;;;Caspari + NEIN (B=0 C=30)
0279-2024;2024;1;UNBEKANNT;0;;;;;;;;;;Caspari + NEIN (B=0 C=50)
0280-2023;2023;2;UNBEKANNT;0;;;;;;;;Phase T: -1488.0 EUR (100.0%);;Bierau + JA (B=1 C=5)
0281-2024;2024;1;UNBEKANNT;0;;;;;;;;Phase T: -1488.0 EUR (100.0%);;
0282-2024;2024;1;UNBEKANNT;0;;;;;;;;;;Caspari + NEIN (B=0 C=30)
0283-2023;2023;1;UNBEKANNT;0;;;;;;;;;;Caspari + NEIN (B=0 C=60)
0283-2024;2024;1;POSITIV;2;VERDACHT;FALL-018;Zippel;;;;;;;Caspari + NEIN (B=0 C=60)
0284-2024;2024;2;UNBEKANNT;0;;;;Phase T: Diff 396.2% (A=1918.0 R=9518.0);;Firma Bajramaj: 5727 EUR (25120052);;;;
0285-2023;2023;1;UNBEKANNT;0;;;;;;;;;;Caspari + NEIN (B=0 C=40)
0285-2024;2024;1;UNBEKANNT;0;;;;;;;;;;Caspari + NEIN (B=0 C=20)
0286-2023;2023;3;UNBEKANNT;2;GESICHERT;FALL-014;RS Bau;Phase T: Diff 96.0% (A=7602.0 R=306.0);;;;Phase T: -7297.0 EUR (96.0%);;Bierau + JA (B=55 C=55)
0286-2024;2024;1;UNBEKANNT;0;;;;;;;;;;Caspari + NEIN (B=0 C=30)
0287-2023;2023;1;UNBEKANNT;0;;;;;;;;;;Caspari + NEIN (B=0 C=10)
0288-2023;2023;1;UNBEKANNT;0;;;;;;;;;;Caspari + NEIN (B=0 C=20)
0288-2024;2024;0;UNBEKANNT;0;;;;;;;;;;
0289-2023;2023;2;UNBEKANNT;0;;;;;;;;Phase T: -1125.0 EUR (100.0%);;Caspari + NEIN (B=0 C=30)
0289-2024;2024;1;UNBEKANNT;0;;;;;;;;;;Caspari + NEIN (B=0 C=20)
0290-2024;2024;3;UNBEKANNT;0;;;;Phase T: Diff 91.7% (A=9114.0 R=753.0);;;;Phase T: -8361.0 EUR (91.7%);;Caspari + NEIN (B=0 C=70)
0291-2023;2023;1;UNBEKANNT;0;;;;;;;;;;Caspari + NEIN (B=0 C=30)
0291-2024;2024;3;POSITIV;1;GESICHERT;FALL-017;Bierau, Caspari;;;N&N Bau GbR: 3926 EUR (RE69025);;Phase W: -1376.0 EUR (14.2%);;Caspari + NEIN (B=0 C=80)
0292-2023;2023;1;UNBEKANNT;0;;;;;;;;;;Caspari + NEIN (B=0 C=10)
0292-2024;2024;2;UNBEKANNT;0;;;;Phase T: Diff 107.2% (A=570.0 R=1181.0);;;;;;Caspari + NEIN (B=0 C=10)
0293-2023;2023;3;POSITIV;2;VERDACHT;FALL-018;Zippel;Phase W: Diff 206.5% (A=3066.0 R=9400.0);;Gerd Zippel: 4760 EUR (2405103);;;;Caspari + NEIN (B=0 C=90)
0293-2024;2024;1;UNBEKANNT;0;;;;;;;;;;Caspari + NEIN (B=0 C=20)
0294-2023;2023;1;UNBEKANNT;0;;;;;;;;;;Caspari + NEIN (B=0 C=10)
0294-2024;2024;1;UNBEKANNT;0;;;;;;;;;;Caspari + NEIN (B=0 C=30)
0295-2023;2023;3;POSITIV;3;GESICHERT|VERDACHT;FALL-015;Caspari, MKG|MKG;Phase T: Diff 347.9% (A=743.0 R=3329.0);;MKG Der Dienstleister: 7735 EUR (R-24-256);;;;Caspari + NEIN (B=0 C=50)
0296-2023;2023;3;UNBEKANNT;0;;;;Phase T: Diff 51.2% (A=11433.0 R=5582.0);;;;Phase T: -5851.0 EUR (51.2%);;Caspari + NEIN (B=0 C=40)
0297-2023;2023;1;UNBEKANNT;0;;;;;;;;;;Caspari + NEIN (B=0 C=40)
0297-2024;2024;4;POSITIV;2;VERDACHT;FALL-011;Gade Gruppe;Phase W: Diff 95.4% (A=18988.0 R=877.0);;Firma Bajramaj: 2290 EUR (25050032);;Phase W: -18110.0 EUR (95.4%);;Bierau + JA (B=63 C=51)
0299-2023;2023;1;UNBEKANNT;0;;;;;;;;;;Caspari + NEIN (B=0 C=20)
0300-2023;2023;1;UNBEKANNT;0;;;;;;;;;;Caspari + NEIN (B=0 C=10)
0300-2024;2024;3;UNBEKANNT;2;VERDACHT;FALL-011;Bierau, Caspari;Phase W: Diff 38.6% (A=1487.0 R=2062.0);;N&N Bau GbR: 2231 EUR (RE68925);;;;Bierau + JA (B=20 C=80)
0301-2023;2023;0;UNBEKANNT;0;;;;;;;;;;
0302-2024;2024;1;UNBEKANNT;0;;;;;;;;;;Caspari + NEIN (B=0 C=30)
0303-2024;2024;1;UNBEKANNT;0;;;;;;;;;;Caspari + NEIN (B=0 C=20)
0304-2023;2023;1;UNBEKANNT;0;;;;;;;;;;Caspari + NEIN (B=0 C=30)
0304-2024;2024;3;UNBEKANNT;0;;;;Phase T: Diff 250.7% (A=5465.0 R=19166.0);;;Fliesen Schmidt: 28911.0 EUR bei 0.0% Prov;;;Caspari + NEIN (B=0 C=100)
0305-2023;2023;1;NEGATIV;0;;;;;;;;Phase W: -1970.0 EUR (100.0%);;
0305-2024;2024;1;UNBEKANNT;0;;;;;;;;;;Caspari + NEIN (B=0 C=10)
0306-2023;2023;4;UNBEKANNT;0;;;;Phase T: Diff 53.7% (A=3230.0 R=1497.0);;Hengst Malerwerkstätten GmbH: 2091 EUR (202435563);;Phase T: -1733.0 EUR (53.7%);;Caspari + NEIN (B=0 C=20)
0306-2024;2024;1;UNBEKANNT;0;;;;;;;;;;Caspari + NEIN (B=0 C=30)
0307-2023;2023;2;UNBEKANNT;0;;;;;;OZ Immobiliendienste GmbH: 1125 EUR (240102);;;;Caspari + NEIN (B=0 C=10)
0307-2024;2024;2;UNBEKANNT;0;;;;;;FENNER GmbH u. Co. KG: 1065 EUR (RE25016);;;;Caspari + NEIN (B=0 C=90)
0308-2023;2023;2;UNBEKANNT;0;;;;Phase T: Diff 22.9% (A=1678.0 R=1294.0);;;;;;Caspari + NEIN (B=0 C=40)
0308-2024;2024;1;UNBEKANNT;0;;;;;;;;;;Caspari + NEIN (B=0 C=30)
0309-2023;2023;3;UNBEKANNT;0;;;;Phase T: Diff 63.6% (A=3940.0 R=1434.0);;;;Phase T: -2507.0 EUR (63.6%);;Caspari + NEIN (B=0 C=50)
0309-2024;2024;1;UNBEKANNT;0;;;;;;;;;;Caspari + NEIN (B=0 C=10)
0310-2023;2023;4;POSITIV;6;GESICHERT|HYPOTHESE|VERDACHT;FALL-011|FALL-014;Bierau, Caspari, Fliesen Schmidt|Caspari|RS Bau|RS Bau, Bierau, Caspari;Phase T: Diff 75.8% (A=5487.0 R=9646.0);;RS Bau und Demontage Service: 14222 EUR (20240508);;;2 Akteure: Bierau, Caspari, Fliesen Schmidt,RS Bau, Bierau, Caspari;Bierau + JA (B=186 C=190)
0311-2023;2023;1;UNBEKANNT;0;;;;;;;;;;Caspari + NEIN (B=0 C=30)
0311-2024;2024;4;POSITIV;5;GESICHERT|VERDACHT;FALL-014;Bierau|RS Bau;Phase W: Diff 76.8% (A=19532.0 R=4540.0);;RS Bau und Demontage Service: 7140 EUR (20250201);;Phase W: -14992.0 EUR (76.8%);;Caspari + NEIN (B=0 C=100)
0312-2023;2023;1;UNBEKANNT;0;;;;;;;;;;Caspari + NEIN (B=0 C=10)
0313-2023;2023;2;UNBEKANNT;0;;;;Phase T: Diff 87.2% (A=2685.0 R=345.0);;;;Phase T: -2340.0 EUR (87.2%);;
0313-2024;2024;1;UNBEKANNT;0;;;;;;;;;;Caspari + NEIN (B=0 C=60)
0314-2023;2023;1;UNBEKANNT;0;;;;;;;;;;Caspari + NEIN (B=0 C=20)
0314-2024;2024;1;UNBEKANNT;0;;;;;;;;;;Caspari + NEIN (B=0 C=30)
0315-2023;2023;1;UNBEKANNT;0;;;;;;;;;;Caspari + NEIN (B=0 C=20)
0317-2023;2023;2;UNBEKANNT;1;GESICHERT;FALL-014;RS Bau;;;RS Bau und Demontage Service: 6422 EUR (20241108);;;;Bierau + JA (B=29 C=29)
0317-2024;2024;1;UNBEKANNT;0;;;;;;;;;;Caspari + NEIN (B=0 C=30)
0318-2023;2023;1;NEGATIV;0;;;;Phase W: Diff 26.3% (A=796.0 R=586.0);;;;;;
0318-2024;2024;3;UNBEKANNT;0;;;;Phase T: Diff 53.3% (A=2132.0 R=995.0);;;;Phase T: -1137.0 EUR (53.3%);;Caspari + NEIN (B=0 C=20)
0319-2023;2023;0;UNBEKANNT;0;;;;;;;;;;
0319-2024;2024;1;UNBEKANNT;0;;;;Phase T: Diff 70.9% (A=1373.0 R=400.0);;;;;;
0320-2023;2023;2;POSITIV;1;HYPOTHESE;FALL-011;Caspari;;;;;Phase W: -5590.0 EUR (100.0%);;Caspari + NEIN (B=0 C=40)
0320-2024;2024;0;UNBEKANNT;0;;;;;;;;;;
0321-2023;2023;3;UNBEKANNT;0;;;;;;Firma Bajramaj: 5428 EUR (24040004);;Phase T: -1355.0 EUR (18.7%);;Caspari + NEIN (B=0 C=80)
0322-2023;2023;3;UNBEKANNT;0;;;;Phase W: Diff 60.6% (A=2849.0 R=4576.0);;MKG Der Dienstleister: 3082 EUR (R-24-321);;;;Caspari + NEIN (B=0 C=30)
0322-2024;2024;1;UNBEKANNT;0;;;;;;;;;;Caspari + NEIN (B=0 C=40)
0323-2023;2023;2;UNBEKANNT;0;;;;Phase T: Diff 34.9% (A=1780.0 R=1159.0);;Gerd Zippel: 3897 EUR (2405113);;;;
0324-2024;2024;1;UNBEKANNT;0;;;;;;;;;;Caspari + NEIN (B=0 C=60)
0325-2023;2023;3;POSITIV;2;VERDACHT;FALL-016;Bierau, Caspari, N&N Bau, Merte;Phase W: Diff 149.8% (A=3910.0 R=9767.0);;N&N Bau GbR: 4525 EUR (RE62224);;;;Bierau + JA (B=90 C=100)
0325-2024;2024;1;UNBEKANNT;0;;;;;;;;;;Caspari + NEIN (B=0 C=10)
0326-2024;2024;0;UNBEKANNT;0;;;;;;;;;;
0327-2023;2023;2;POSITIV;0;;;;;;Hengst Malerwerkstätten GmbH: 10710 EUR (202435985);;;;Caspari + NEIN (B=0 C=70)
0328-2024;2024;1;UNBEKANNT;0;;;;;;;;;;Caspari + NEIN (B=0 C=60)
0329-2024;2024;1;UNBEKANNT;0;;;;;;;;;;Caspari + NEIN (B=0 C=20)
0330-2024;2024;4;UNBEKANNT;1;GESICHERT;FALL-014;RS Bau;Phase T: Diff 25.2% (A=7273.0 R=5437.0);;RS Bau und Demontage Service: 5449 EUR (20250112);;Phase T: -1836.0 EUR (25.2%);;Caspari + NEIN (B=0 C=80)
0332-2024;2024;2;UNBEKANNT;0;;;;Phase T: Diff 653.0% (A=465.0 R=3501.0);;;;;;Caspari + NEIN (B=0 C=50)
0335-2024;2024;1;UNBEKANNT;2;GESICHERT|HYPOTHESE;FALL-015;Caspari|MKG;;;;;;;Caspari + NEIN (B=0 C=100)
0337-2024;2024;1;UNBEKANNT;0;;;;;;;;;;Caspari + NEIN (B=0 C=70)
0341-2024;2024;3;POSITIV;6;GESICHERT|HYPOTHESE|VERDACHT;FALL-011|FALL-018;Bierau, Caspari|Caspari, Maage|Zippel|Zippel, Bierau, Caspari;;;;;Phase W: -14805.0 EUR (100.0%);2 Akteure: Zippel,Caspari, Maage;Caspari + NEIN (B=0 C=70)
0343-2024;2024;1;UNBEKANNT;0;;;;;;;;;;Caspari + NEIN (B=0 C=30)
0348-2024;2024;3;UNBEKANNT;0;;;;Phase T: Diff 77.1% (A=3222.0 R=737.0);;;;Phase T: -2484.0 EUR (77.1%);;Caspari + NEIN (B=0 C=50)
0349-2024;2024;0;UNBEKANNT;0;;;;;;;;;;
0350-2024;2024;1;UNBEKANNT;0;;;;;;;;;;Bierau + JA (B=70 C=50)
0351-2024;2024;1;UNBEKANNT;0;;;;;;;;;;Caspari + NEIN (B=0 C=40)
0352-2024;2024;1;UNBEKANNT;0;;;;;;;;;;Caspari + NEIN (B=0 C=30)
0353-2024;2024;3;POSITIV;1;GESICHERT;FALL-017;Bierau, Caspari;Phase T: Diff 564.4% (A=565.0 R=3754.0);;N&N Bau GbR: 2618 EUR (RE63625);;;;Caspari + NEIN (B=0 C=60)
0354-2024;2024;1;UNBEKANNT;0;;;;;;;;;;Caspari + NEIN (B=0 C=40)
0355-2024;2024;0;UNBEKANNT;0;;;;;;;;;;
